P_kPa,Tsat_C,row_type,T_C,v_m3_per_kg,u_kJ_per_kg,h_kJ_per_kg,s_kJ_per_kgK,source_page,source_side
10,45.81,Sat,45.81,14.670,"2,437.2","2,583.9",8.1488,1,left
10,45.81,T,50,14.867,"2,443.3","2,592.0",8.1741,1,left
10,45.81,T,100,17.196,"2,515.5","2,687.5",8.4489,1,left
10,45.81,T,150,19.513,"2,587.9","2,783.0",8.689 2,1,left
10,45.81,T,200,21.826,"2,661.3","2,879.6",8.9049,1,left
10,45.81,T,250,24.136,"2,736.1","2,977.4",9.1015,1,left
10,45.81,T,300,26.446,"2,812.3","3,076.7",9.2827,1,left
10,45.81,T,400,31.063,"2,969.3","3,279.9",9.609 4,1,left
10,45.81,T,500,35.680,"3,132.9","3,489.7",9.899 8,1,left
10,45.81,T,600,40.296,"3,303.3","3,706.3",10.163,1,left
10,45.81,T,700,44.911,"3,480.8","3,929.9",10.406,1,left
10,45.81,T,800,49.527,"3,665.3","4,160.6",10.631,1,left
10,45.81,T,900,54.142,"3,856.9","4,398.3",10.843,1,left
10,45.81,T,"1,000",58.758,"4,055.2","4,642.8",11.043,1,left
10,45.81,T,"1,100",63.373,"4,260.0","4,893.7",11.233,1,left
10,45.81,T,"1,200",67.988,"4,470.9","5,150.7",11.413,1,left
10,45.81,T,"1,300",72.604,"4,687.4","5,413.4",11.586,1,left
10,45.81,T,"1,400",77.219,"4,909.1","5,681.3",11.751,1,left
10,45.81,T,"1,500",81.834,"5,135.6","5,954.0",11.909,1,left
10,45.81,T,"1,600",86.450,"5,366.6","6,231.1",12.061,1,left
10,45.81,T,"1,700",91.065,"5,601.6","6,512.3",12.207,1,left
20,60.06,Sat,60.06,7.648 0,"2,456.0","2,608.9",7.907 2,1,right
20,60.06,T,100,8.585 4,"2,514.5",2686.2,8.126 3,1,right
20,60.06,T,150,9.7485,"2,587.4",2782.3,8.368,1,right
20,60.06,T,200,10.907,"2,661.0",2879.1,8.584 3,1,right
20,60.06,T,250,12.064,"2,735.8",2977.1,8.781 1,1,right
20,60.06,T,300,13.220,"2,812.1",3076.5,8.962 5,1,right
20,60.06,T,400,15.530,"2,969.2",3279.8,9.289 3,1,right
20,60.06,T,500,17.838,"3,132.8",3489.6,9.579 8,1,right
20,60.06,T,600,20.147,"3,303.3",3706.2,9.843 1,1,right
20,60.06,T,700,22.455,"3,480.7",3929.8,10.086,1,right
20,60.06,T,800,24.763,"3,665.3",4160.6,10.311,1,right
20,60.06,T,900,27.071,"3,856.9",4398.3,10.523,1,right
20,60.06,T,"1,000",29.379,"4,055.2",4642.8,10.723,1,right
20,60.06,T,"1,100",31.686,"4,260.0",4893.7,10.913,1,right
20,60.06,T,"1,200",33.994,"4,470.8",5150.7,11.093,1,right
20,60.06,T,"1,300",36.302,"4,687.3",5413.4,11.266,1,right
20,60.06,T,"1,400",38.610,"4,909.1",5681.3,11.431,1,right
20,60.06,T,"1,500",40.917,"5,135.6",5954.0,11.589,1,right
20,60.06,T,"1,600",43.225,"5,366.6",6231.1,11.741,1,right
20,60.06,T,"1,700",45.533,"5,601.6",6512.3,11.887,1,right
30,69.10,Sat,69.10,5.2284,"2,467.7","2,624.5",7.7675,1,left
30,69.10,T,100,5.7151,"2,513.5","2,685.0",7.9365,1,left
30,69.10,T,150,6.4937,"2,586.8","2,781.6",8.179 6,1,left
30,69.10,T,200,7.2677,"2,660.7","2,878.7",8.3964,1,left
30,69.10,T,250,8.0399,"2,735.6","2,976.8",8.593 5,1,left
30,69.10,T,300,8.8110,"2,811.9","3,076.2",8.7750,1,left
30,69.10,T,400,10.352,"2,969.1","3,279.6",9.1020,1,left
30,69.10,T,500,11.891,"3,132.7","3,489.5",9.3925,1,left
30,69.10,T,600,13.431,"3,303.2","3,706.1",9.6559,1,left
30,69.10,T,700,14.970,"3,480.7","3,929.8",9.898 4,1,left
30,69.10,T,800,16.508,"3,665.3","4,160.5",10.124,1,left
30,69.10,T,900,18.047,"3,856.8","4,398.3",10.336,1,left
30,69.10,T,"1,000",19.586,"4,055.2","4,642.8",10.536,1,left
30,69.10,T,"1,100",21.124,"4,260.0","4,893.7",10.725,1,left
30,69.10,T,"1,200",22.663,"4,470.8","5,150.7",10.906,1,left
30,69.10,T,"1,300",24.201,"4,687.3","5,413.4",11.079,1,left
30,69.10,T,"1,400",25.740,"4,909.0","5,681.2",11.244,1,left
30,69.10,T,"1,500",27.278,"5,135.6","5,953.9",11.402,1,left
30,69.10,T,"1,600",28.817,"5,366.6","6,231.1",11.554,1,left
30,69.10,T,"1,700",30.355,"5,601.6","6,512.3",11.700,1,left
50,81.32,Sat,81.32,3.2400,"2,483.2","2,645.2",7.5930,2,left
50,81.32,T,100,3.4187,"2,511.5",2682.4,7.695 3,2,left
50,81.32,T,150,3.8897,"2,585.7",2780.2,7.9413,2,left
50,81.32,T,200,4.3562,"2,660.0",2877.8,8.1592,2,left
50,81.32,T,250,4.8206,"2,735.1",2976.1,8.3568,2,left
50,81.32,T,300,5.2840,"2,811.6",3075.8,8.5386,2,left
50,81.32,T,400,6.2094,"2,968.9",3279.3,8.8659,2,left
50,81.32,T,500,7.1338,"3,132.6",3489.3,9.1566,2,left
50,81.32,T,600,8.0576,"3,303.1",3706.0,9.4201,2,left
50,81.32,T,700,8.9812,"3,480.6",3929.7,9.6625,2,left
50,81.32,T,800,9.9047,"3,665.2",4160.4,9.888 2,2,left
50,81.32,T,900,10.828,"3,856.8",4398.2,10.100,2,left
50,81.32,T,"1,000",11.751,"4,055.1",4642.7,10.300,2,left
50,81.32,T,"1,100",12.674,"4,259.9",4893.7,10.490,2,left
50,81.32,T,"1,200",13.598,"4,470.8",5150.7,10.670,2,left
50,81.32,T,"1,300",14.521,"4,687.3",5413.3,10.843,2,left
50,81.32,T,"1,400",15.444,"4,909.0",5681.2,11.008,2,left
50,81.32,T,"1,500",16.367,"5,135.6",5953.9,11.166,2,left
50,81.32,T,"1,600",17.290,"5,366.5",6231.1,11.318,2,left
50,81.32,T,"1,700",18.213,"5,601.6",6512.3,11.464,2,left
75,91.76,Sat,91.76,2.2170,"2,496.1","2,662.4",7.4557,2,right
75,91.76,T,100,2.2703,"2,508.9","2,679.2",7.501 1,2,right
75,91.76,T,150,2.587 7,"2,584.3","2,778.4",7.7509,2,right
75,91.76,T,200,2.900 4,"2,659.1","2,876.6",7.9702,2,right
75,91.76,T,250,3.2110,"2,734.5","2,975.3",8.168 5,2,right
75,91.76,T,300,3.5206,"2,811.1","3,075.1",8.350 7,2,right
75,91.76,T,400,4.1383,"2,968.6","3,278.9",8.6783,2,right
75,91.76,T,500,4.7549,"3,132.4","3,489.0",8.969 2,2,right
75,91.76,T,600,5.371 1,"3,302.9","3,705.8",9.232 8,2,right
75,91.76,T,700,5.987 1,"3,480.5","3,929.5",9.475 3,2,right
75,91.76,T,800,6.602 8,"3,665.1","4,160.3",9.7010,2,right
75,91.76,T,900,7.2185,"3,856.7","4,398.1",9.9128,2,right
75,91.76,T,"1,000",7.8341,"4,055.1","4,642.6",10.113,2,right
75,91.76,T,"1,100",8.4496,"4,259.9","4,893.6",10.303,2,right
75,91.76,T,"1,200",9.065 1,"4,470.7","5,150.6",10.483,2,right
75,91.76,T,"1,300",9.6806,"4,687.2","5,413.3",10.656,2,right
75,91.76,T,"1,400",10.296,"4,909.0","5,681.2",10.821,2,right
75,91.76,T,"1,500",10.911,"5,135.5","5,953.9",10.979,2,right
75,91.76,T,"1,600",11.527,"5,366.5","6,231.0",11.131,2,right
75,91.76,T,"1,700",12.142,"5,601.6","6,512.2",11.277,2,right
100,99.61,Sat,99.61,1.6939,"2,505.6","2,674.9",7.3588,2,left
100,99.61,T,100,1.6959,"2,506.2","2,675.8",7.3610,2,left
100,99.61,T,150,1.9367,"2,582.9","2,776.6",7.6148,2,left
100,99.61,T,200,2.1724,"2,658.2","2,875.5",7.835 6,2,left
100,99.61,T,250,2.4062,"2,733.9","2,974.5",8.0346,2,left
100,99.61,T,300,2.6388,"2,810.6","3,074.5",8.2172,2,left
100,99.61,T,400,3.1027,"2,968.3","3,278.6",8.5452,2,left
100,99.61,T,500,3.5655,"3,132.2","3,488.7",8.836 1,2,left
100,99.61,T,600,4.0279,"3,302.8","3,705.6",9.099 8,2,left
100,99.61,T,700,4.4900,"3,480.4","3,929.4",9.342 4,2,left
100,99.61,T,800,4.9519,"3,665.0","4,160.2",9.568 1,2,left
100,99.61,T,900,5.4137,"3,856.6","4,398.0",9.7800,2,left
100,99.61,T,"1,000",5.875 4,"4,055.0","4,642.6",9.9800,2,left
100,99.61,T,"1,100",6.3371,"4,259.8","4,893.5",10.170,2,left
100,99.61,T,"1,200",6.7988,"4,470.7","5,150.6",10.350,2,left
100,99.61,T,"1,300",7.2604,"4,687.2","5,413.2",10.523,2,left
100,99.61,T,"1,400",7.7220,"4,908.9","5,681.2",10.688,2,left
100,99.61,T,"1,500",8.1836,"5,135.5","5,953.9",10.846,2,left
100,99.61,T,"1,600",8.6452,"5,366.5","6,231.0",10.998,2,left
100,99.61,T,"1,700",9.1068,"5,601.5","6,512.2",11.145,2,left
150,111.35,Sat,111.35,1.1593,"2,519.2","2,693.1",7.223 0,2,right
150,111.35,T,150,1.2855,"2,580.1","2,772.9",7.4208,2,right
150,111.35,T,200,1.4445,"2,656.4","2,873.1",7.644 7,2,right
150,111.35,T,250,1.6013,"2,732.7","2,972.9",7.845 1,2,right
150,111.35,T,300,1.757 1,"2,809.7","3,073.3",8.0284,2,right
150,111.35,T,400,2.067 1,"2,967.7","3,277.8",8.357 2,2,right
150,111.35,T,500,2.3761,"3,131.8","3,488.2",8.6485,2,right
150,111.35,T,600,2.684 6,"3,302.5","3,705.2",8.9124,2,right
150,111.35,T,700,2.9929,"3,480.1","3,929.1",9.155 0,2,right
150,111.35,T,800,3.3010,"3,664.8","4,160.0",9.3808,2,right
150,111.35,T,900,3.608 9,"3,856.5","4,397.8",9.5927,2,right
150,111.35,T,"1,000",3.9168,"4,054.9","4,642.4",9.7927,2,right
150,111.35,T,"1,100",4.2247,"4,259.7","4,893.4",9.9825,2,right
150,111.35,T,"1,200",4.5325,"4,470.6","5,150.5",10.163,2,right
150,111.35,T,"1,300",4.8403,"4,687.1","5,413.2",10.336,2,right
150,111.35,T,"1,400",5.1481,"4,908.9","5,681.1",10.501,2,right
150,111.35,T,"1,500",5.4558,"5,135.4","5,953.8",10.659,2,right
150,111.35,T,"1,600",5.7636,"5,366.4","6,231.0",10.811,2,right
150,111.35,T,"1,700",6.0713,"5,601.5","6,512.2",10.957,2,right
200,120.21,Sat,120.21,0.885 682,"2,529.1","2,706.2",7.1269,3,left
200,120.21,T,150,0.959 855,"2,577.1","2,769.1",7.2810,3,left
200,120.21,T,200,1.0805,"2,654.6","2,870.7",7.508 1,3,left
200,120.21,T,250,1.1989,"2,731.4","2,971.2",7.7100,3,left
200,120.21,T,300,1.3162,"2,808.8","3,072.1",7.894 1,3,left
200,120.21,T,400,1.5493,"2,967.1","3,277.0",8.223 6,3,left
200,120.21,T,500,1.7814,"3,131.4","3,487.7",8.5152,3,left
200,120.21,T,600,2.0130,"3,302.2","3,704.8",8.7792,3,left
200,120.21,T,700,2.2443,"3,479.9","3,928.8",9.0220,3,left
200,120.21,T,800,2.4755,"3,664.7","4,159.8",9.2479,3,left
200,120.21,T,900,2.7066,"3,856.3","4,397.6",9.4598,3,left
200,120.21,T,"1,000",2.9375,"4,054.8","4,642.3",9.6599,3,left
200,120.21,T,"1,100",3.1685,"4,259.6","4,893.3",9.849 7,3,left
200,120.21,T,"1,200",3.3994,"4,470.5","5,150.4",10.030,3,left
200,120.21,T,"1,300",3.6302,"4,687.0","5,413.1",10.203,3,left
200,120.21,T,"1,400",3.8611,"4,908.8","5,681.0",10.368,3,left
200,120.21,T,"1,500",4.0919,"5,135.4","5,953.8",10.526,3,left
200,120.21,T,"1,600",4.3228,"5,366.4","6,230.9",10.678,3,left
200,120.21,T,"1,700",4.5536,"5,601.4","6,512.2",10.825,3,left
250,127.41,Sat,127.41,0.718 659,"2,536.8","2,716.5",7.052 4,3,right
250,127.41,T,150,0.764 389,"2,574.1","2,765.2",7.1708,3,right
250,127.41,T,200,0.862 059,"2,652.8","2,868.3",7.401 2,3,right
250,127.41,T,250,0.957 428,"2,730.2","2,969.5",7.6046,3,right
250,127.41,T,300,1.051 7,"2,807.9","3,070.8",7.7895,3,right
250,127.41,T,400,1.2387,"2,966.6","3,276.2",8.1197,3,right
250,127.41,T,500,1.4246,"3,131.0","3,487.1",8.4117,3,right
250,127.41,T,600,1.6100,"3,301.9","3,704.4",8.6759,3,right
250,127.41,T,700,1.7952,"3,479.7","3,928.5",8.9188,3,right
250,127.41,T,800,1.9802,"3,664.5","4,159.5",9.1448,3,right
250,127.41,T,900,2.165 1,"3,856.2","4,397.5",9.3567,3,right
250,127.41,T,"1,000",2.3500,"4,054.6","4,642.1",9.5568,3,right
250,127.41,T,"1,100",2.5347,"4,259.5","4,893.2",9.7466,3,right
250,127.41,T,"1,200",2.7195,"4,470.4","5,150.3",9.9273,3,right
250,127.41,T,"1,300",2.9042,"4,687.0","5,413.0",10.100,3,right
250,127.41,T,"1,400",3.0889,"4,908.7","5,681.0",10.265,3,right
250,127.41,T,"1,500",3.2736,"5,135.3","5,953.7",10.423,3,right
250,127.41,T,"1,600",3.458 3,"5,366.3","6,230.9",10.575,3,right
250,127.41,T,"1,700",3.6429,"5,601.4","6,512.1",10.722,3,right
300,133.52,Sat,133.52,0.605 760,"2,543.2","2,724.9",6.9916,3,left
300,133.52,T,150,0.634014,"2,571.0","2,761.2",7.079 1,3,left
300,133.52,T,200,0.716 424,"2,651.0","2,865.9",7.3131,3,left
300,133.52,T,250,0.796 444,"2,728.9","2,967.9",7.5180,3,left
300,133.52,T,300,0.875 344,"2,807.0","3,069.6",7.703 7,3,left
300,133.52,T,400,1.0315,"2,966.0","3,275.5",8.0347,3,left
300,133.52,T,500,1.1867,"3,130.6","3,486.6",8.327 1,3,left
300,133.52,T,600,1.3414,"3,301.6","3,704.0",8.5914,3,left
300,133.52,T,700,1.4958,"3,479.5","3,928.2",8.8344,3,left
300,133.52,T,800,1.6500,"3,664.3","4,159.3",9.0604,3,left
300,133.52,T,900,1.8042,"3,856.0","4,397.3",9.2724,3,left
300,133.52,T,"1,000",1.9582,"4,054.5","4,642.0",9.472 6,3,left
300,133.52,T,"1,100",2.1122,"4,259.4","4,893.1",9.662 4,3,left
300,133.52,T,"1,200",2.2662,"4,470.3","5,150.2",9.843 1,3,left
300,133.52,T,"1,300",2.4202,"4,686.9","5,412.9",10.016,3,left
300,133.52,T,"1,400",2.5741,"4,908.7","5,680.9",10.181,3,left
300,133.52,T,"1,500",2.7280,"5,135.3","5,953.7",10.339,3,left
300,133.52,T,"1,600",2.8819,"5,366.3","6,230.9",10.491,3,left
300,133.52,T,"1,700",3.0358,"5,601.3","6,512.1",10.637,3,left
350,138.86,Sat,138.86,0.524179,"2,548.5","2,732.0",6.940 1,3,right
350,138.86,T,150,0.540 830,"2,567.8","2,757.1",7.000 3,3,right
350,138.86,T,200,0.612 381,"2,649.1","2,863.4",7.2380,3,right
350,138.86,T,250,0.681 448,"2,727.7","2,966.2",7.4444,3,right
350,138.86,T,300,0.749 373,"2,806.1","3,068.3",7.6309,3,right
350,138.86,T,400,0.883 601,"2,965.4","3,274.7",7.9627,3,right
350,138.86,T,500,1.0168,"3,130.2","3,486.1",8.2554,3,right
350,138.86,T,600,1.1495,"3,301.3","3,703.6",8.5200,3,right
350,138.86,T,700,1.2819,"3,479.2","3,927.9",8.763 1,3,right
350,138.86,T,800,1.4142,"3,664.1","4,159.1",8.989 1,3,right
350,138.86,T,900,1.546 3,"3,855.9","4,397.1",9.201 2,3,right
350,138.86,T,"1,000",1.6784,"4,054.4","4,641.8",9.4013,3,right
350,138.86,T,"1,100",1.8105,"4,259.3","4,893.0",9.591 2,3,right
350,138.86,T,"1,200",1.9425,"4,470.2","5,150.1",9.7719,3,right
350,138.86,T,"1,300",2.0745,"4,686.8","5,412.9",9.9445,3,right
350,138.86,T,"1,400",2.2064,"4,908.6","5,680.8",10.110,3,right
350,138.86,T,"1,500",2.3383,"5,135.2","5,953.6",10.268,3,right
350,138.86,T,"1,600",2.4703,"5,366.2","6,230.8",10.420,3,right
350,138.86,T,"1,700",2.6022,"5,601.3","6,512.1",10.566,3,right
400,143.61,Sat,143.61,0.462 383,"2,553.1","2,738.1",6.895 5,4,left
400,143.61,T,150,0.470 883,"2,564.4","2,752.8",6.9306,4,left
400,143.61,T,200,0.534 334,"2,647.2","2,860.9",7.1723,4,left
400,143.61,T,250,0.595 196,"2,726.4","2,964.5",7.3804,4,left
400,143.61,T,300,0.654 892,"2,805.1","3,067.1",7.5677,4,left
400,143.61,T,400,0.772 645,"2,964.9","3,273.9",7.9002,4,left
400,143.61,T,500,0.889 357,"3,129.8","3,485.5",8.1933,4,left
400,143.61,T,600,1.0056,"3,301.0","3,703.2",8.458 0,4,left
400,143.61,T,700,1.1215,"3,479.0","3,927.6",8.701 2,4,left
400,143.61,T,800,1.2373,"3,663.9","4,158.8",8.9273,4,left
400,143.61,T,900,1.3530,"3,855.7","4,396.9",9.1394,4,left
400,143.61,T,"1,000",1.4686,"4,054.3","4,641.7",9.3396,4,left
400,143.61,T,"1,100",1.5841,"4,259.2","4,892.8",9.5295,4,left
400,143.61,T,"1,200",1.6997,"4,470.1","5,150.0",9.7102,4,left
400,143.61,T,"1,300",1.8152,"4,686.7","5,412.8",9.8828,4,left
400,143.61,T,"1,400",1.9306,"4,908.5","5,680.8",10.048,4,left
400,143.61,T,"1,500",2.0461,"5,135.1","5,953.6",10.206,4,left
400,143.61,T,"1,600",2.1615,"5,366.2","6,230.8",10.358,4,left
400,143.61,T,"1,700",2.2770,"5,601.2","6,512.0",10.505,4,left
450,147.90,Sat,147.90,0.413 897,"2,557.1","2,743.4",6.8560,4,right
450,147.90,T,150,0.416 420,"2,560.9","2,748.3",6.867 8,4,right
450,147.90,T,200,0.473 617,"2,645.3","2,858.4",7.1138,4,right
450,147.90,T,250,0.528 105,"2,725.1","2,962.8",7.3235,4,right
450,147.90,T,300,0.581 404,"2,804.2","3,065.8",7.5117,4,right
450,147.90,T,400,0.686 344,"2,964.3","3,273.1",7.845 0,4,right
450,147.90,T,500,0.790 239,"3,129.4","3,485.0",8.1384,4,right
450,147.90,T,600,0.893 636,"3,300.7","3,702.9",8.403 3,4,right
450,147.90,T,700,0.996 761,"3,478.8","3,927.3",8.6466,4,right
450,147.90,T,800,1.099 7,"3,663.7","4,158.6",8.8728,4,right
450,147.90,T,900,1.2026,"3,855.6","4,396.7",9.0849,4,right
450,147.90,T,"1,000",1.3054,"4,054.1","4,641.5",9.285 1,4,right
450,147.90,T,"1,100",1.408 1,"4,259.1","4,892.7",9.475 0,4,right
450,147.90,T,"1,200",1.5108,"4,470.0","5,149.9",9.655 8,4,right
450,147.90,T,"1,300",1.6135,"4,686.6","5,412.7",9.828 4,4,right
450,147.90,T,"1,400",1.716 1,"4,908.5","5,680.7",9.9935,4,right
450,147.90,T,"1,500",1.8188,"5,135.1","5,953.5",10.152,4,right
450,147.90,T,"1,600",1.9214,"5,366.1","6,230.7",10.304,4,right
450,147.90,T,"1,700",2.0240,"5,601.2","6,512.0",10.450,4,right
500,151.83,Sat,151.83,0.374 806,"2,560.7","2,748.1",6.8207,4,left
500,151.83,T,200,0.425 032,"2,643.3","2,855.8",7.0610,4,left
500,151.83,T,250,0.474 428,"2,723.8","2,961.0",7.2724,4,left
500,151.83,T,300,0.522 612,"2,803.2","3,064.6",7.461 4,4,left
500,151.83,T,400,0.617 304,"2,963.7","3,272.3",7.7955,4,left
500,151.83,T,500,0.710 944,"3,129.0","3,484.5",8.0892,4,left
500,151.83,T,600,0.804 086,"3,300.4","3,702.5",8.3543,4,left
500,151.83,T,700,0.896955,"3,478.5","3,927.0",8.5977,4,left
500,151.83,T,800,0.989 661,"3,663.6","4,158.4",8.8240,4,left
500,151.83,T,900,1.0823,"3,855.4","4,396.6",9.0362,4,left
500,151.83,T,"1,000",1.1748,"4,054.0","4,641.4",9.2364,4,left
500,151.83,T,"1,100",1.2673,"4,259.0","4,892.6",9.4263,4,left
500,151.83,T,"1,200",1.3597,"4,470.0","5,149.8",9.607 1,4,left
500,151.83,T,"1,300",1.4521,"4,686.6","5,412.6",9.7797,4,left
500,151.83,T,"1,400",1.5445,"4,908.4","5,680.6",9.9448,4,left
500,151.83,T,"1,500",1.6369,"5,135.0","5,953.5",10.103,4,left
500,151.83,T,"1,600",1.7293,"5,366.1","6,230.7",10.255,4,left
500,151.83,T,"1,700",1.8216,"5,601.2","6,512.0",10.402,4,left
600,158.83,Sat,158.83,0.315 583,"2,566.8","2,756.1",6.759 2,4,right
600,158.83,T,200,0.352 121,"2,639.3","2,850.6",6.968 3,4,right
600,158.83,T,250,0.393 901,"2,721.2","2,957.6",7.183 2,4,right
600,158.83,T,300,0.434418,"2,801.4","3,062.0",7.3740,4,right
600,158.83,T,400,0.513 741,"2,962.5","3,270.8",7.7097,4,right
600,158.83,T,500,0.592 002,"3,128.2","3,483.4",8.004 1,4,right
600,158.83,T,600,0.669 761,"3,299.8","3,701.7",8.2695,4,right
600,158.83,T,700,0.747 246,"3,478.1","3,926.4",8.5131,4,right
600,158.83,T,800,0.824568,"3,663.2","4,157.9",8.7395,4,right
600,158.83,T,900,0.901 785,"3,855.1","4,396.2",8.9518,4,right
600,158.83,T,"1,000",0.978 931,"4,053.7","4,641.1",9.1521,4,right
600,158.83,T,"1,100",1.0560,"4,258.7","4,892.4",9.3420,4,right
600,158.83,T,"1,200",1.133 1,"4,469.8","5,149.6",9.5228,4,right
600,158.83,T,"1,300",1.2101,"4,686.4","5,412.5",9.695 4,4,right
600,158.83,T,"1,400",1.287 1,"4,908.2","5,680.5",9.8606,4,right
600,158.83,T,"1,500",1.364 1,"5,134.9","5,953.4",10.019,4,right
600,158.83,T,"1,600",1.441 1,"5,365.9","6,230.6",10.171,4,right
600,158.83,T,"1,700",1.518 1,"5,601.1","6,511.9",10.317,4,right
700,164.95,Sat,164.95,0.272775,"2,571.8","2,762.8",6.707 1,5,left
700,164.95,T,200,0.300 004,"2,635.3","2,845.3",6.888 4,5,left
700,164.95,T,250,0.336 367,"2,718.6","2,954.0",7.1070,5,left
700,164.95,T,300,0.371 416,"2,799.5","3,059.4",7.2995,5,left
700,164.95,T,400,0.439 767,"2,961.4","3,269.2",7.6368,5,left
700,164.95,T,500,0.507 042,"3,127.4","3,482.3",7.9319,5,left
700,164.95,T,600,0.573 814,"3,299.2","3,700.9",8.1977,5,left
700,164.95,T,700,0.640 311,"3,477.6","3,925.8",8.4415,5,left
700,164.95,T,800,0.706 645,"3,662.8","4,157.5",8.668 0,5,left
700,164.95,T,900,0.772 873,"3,854.8","4,395.8",8.8804,5,left
700,164.95,T,"1,000",0.839 031,"4,053.5","4,640.8",9.0807,5,left
700,164.95,T,"1,100",0.905 138,"4,258.5","4,892.1",9.2707,5,left
700,164.95,T,"1,200",0.971 210,"4,469.6","5,149.4",9.4516,5,left
700,164.95,T,"1,300",1.0373,"4,686.2","5,412.3",9.6242,5,left
700,164.95,T,"1,400",1.1033,"4,908.1","5,680.4",9.7894,5,left
700,164.95,T,"1,500",1.1693,"5,134.8","5,953.3",9.9478,5,left
700,164.95,T,"1,600",1.2353,"5,365.8","6,230.5",10.100,5,left
700,164.95,T,"1,700",1.3013,"5,601.0","6,511.8",10.246,5,left
800,170.41,Sat,170.41,0.240 340,"2,576.0","2,768.3",6.661 6,5,right
800,170.41,T,200,0.260 881,"2,631.0","2,839.7",6.8176,5,right
800,170.41,T,250,0.293 205,"2,715.9","2,950.4",7.040 1,5,right
800,170.41,T,300,0.324 160,"2,797.5","3,056.9",7.2345,5,right
800,170.41,T,400,0.384 284,"2,960.2","3,267.6",7.573 4,5,right
800,170.41,T,500,0.443 322,"3,126.6","3,481.3",7.869 2,5,right
800,170.41,T,600,0.501 853,"3,298.7","3,700.1",8.1354,5,right
800,170.41,T,700,0.560 110,"3,477.2","3,925.3",8.3794,5,right
800,170.41,T,800,0.618 202,"3,662.4","4,157.0",8.606 1,5,right
800,170.41,T,900,0.676 189,"3,854.5","4,395.5",8.8185,5,right
800,170.41,T,"1,000",0.734 105,"4,053.2","4,640.5",9.0189,5,right
800,170.41,T,"1,100",0.791 972,"4,258.3","4,891.9",9.2089,5,right
800,170.41,T,"1,200",0.849 802,"4,469.4","5,149.2",9.3898,5,right
800,170.41,T,"1,300",0.907 605,"4,686.1","5,412.2",9.5625,5,right
800,170.41,T,"1,400",0.965 388,"4,908.0","5,680.3",9.7277,5,right
800,170.41,T,"1,500",1.0232,"5,134.6","5,953.2",9.886 1,5,right
800,170.41,T,"1,600",1.0809,"5,365.7","6,230.5",10.038,5,right
800,170.41,T,"1,700",1.138 7,"5,600.9","6,511.8",10.185,5,right
900,175.35,Sat,175.35,0.214 887,"2,579.6","2,773.0",6.6213,5,left
900,175.35,T,200,0.230421,"2,626.7","2,834.1",6.7539,5,left
900,175.35,T,250,0.259 623,"2,713.1","2,946.8",6.9805,5,left
900,175.35,T,300,0.287 400,"2,795.6","3,054.3",7.1767,5,left
900,175.35,T,400,0.341 130,"2,959.0","3,266.1",7.5173,5,left
900,175.35,T,500,0.393 761,"3,125.8","3,480.2",7.813 8,5,left
900,175.35,T,600,0.445 884,"3,298.1","3,699.4",8.0803,5,left
900,175.35,T,700,0.497 731,"3,476.7","3,924.7",8.3246,5,left
900,175.35,T,800,0.549 413,"3,662.1","4,156.6",8.5514,5,left
900,175.35,T,900,0.600991,"3,854.2","4,395.1",8.7639,5,left
900,175.35,T,"1,000",0.652 497,"4,053.0","4,640.2",8.9643,5,left
900,175.35,T,"1,100",0.703 953,"4,258.1","4,891.7",9.1544,5,left
900,175.35,T,"1,200",0.755 373,"4,469.2","5,149.0",9.3353,5,left
900,175.35,T,"1,300",0.806 766,"4,685.9","5,412.0",9.508 0,5,left
900,175.35,T,"1,400",0.858 139,"4,907.8","5,680.1",9.673 2,5,left
900,175.35,T,"1,500",0.909 496,"5,134.5","5,953.1",9.8316,5,left
900,175.35,T,"1,600",0.960 840,"5,365.6","6,230.4",9.983 8,5,left
900,175.35,T,"1,700",1.0122,"5,600.8","6,511.7",10.130,5,left
"1,000",179.88,Sat,179.88,0.194 362,"2,582.7","2,777.1",6.585 0,5,right
"1,000",179.88,T,200,0.206 022,"2,622.2","2,828.3",6.6955,5,right
"1,000",179.88,T,250,0.232 747,"2,710.4","2,943.1",6.9265,5,right
"1,000",179.88,T,300,0.257 988,"2,793.6","3,051.6",7.1246,5,right
"1,000",179.88,T,400,0.306 606,"2,957.9","3,264.5",7.4669,5,right
"1,000",179.88,T,500,0.354 113,"3,125.0","3,479.1",7.7641,5,right
"1,000",179.88,T,600,0.401 108,"3,297.5","3,698.6",8.031 0,5,right
"1,000",179.88,T,700,0.447 828,"3,476.2","3,924.1",8.2755,5,right
"1,000",179.88,T,800,0.494 382,"3,661.7","4,156.1",8.502 4,5,right
"1,000",179.88,T,900,0.540 832,"3,853.9","4,394.8",8.7150,5,right
"1,000",179.88,T,"1,000",0.587 210,"4,052.7","4,639.9",8.9155,5,right
"1,000",179.88,T,"1,100",0.633 538,"4,257.9","4,891.4",9.105 6,5,right
"1,000",179.88,T,"1,200",0.679 831,"4,469.0","5,148.9",9.2866,5,right
"1,000",179.88,T,"1,300",0.726 096,"4,685.8","5,411.9",9.459 3,5,right
"1,000",179.88,T,"1,400",0.772 340,"4,907.7","5,680.0",9.6245,5,right
"1,000",179.88,T,"1,500",0.818 569,"5,134.4","5,953.0",9.783 0,5,right
"1,000",179.88,T,"1,600",0.864 785,"5,365.5","6,230.3",9.935 1,5,right
"1,000",179.88,T,"1,700",0.910991,"5,600.7","6,511.7",10.081,5,right
"1,200",187.96,Sat,187.96,0.163 262,"2,587.8","2,783.7",6.5217,6,left
"1,200",187.96,T,200,0.169 339,"2,612.9","2,816.1",6.5909,6,left
"1,200",187.96,T,250,0.192 407,"2,704.7","2,935.6",6.8313,6,left
"1,200",187.96,T,300,0.213 858,"2,789.7","3,046.3",7.033 5,6,left
"1,200",187.96,T,400,0.254 816,"2,955.5","3,261.3",7.3793,6,left
"1,200",187.96,T,500,0.294 639,"3,123.4","3,476.9",7.6779,6,left
"1,200",187.96,T,600,0.333 945,"3,296.3","3,697.0",7.9455,6,left
"1,200",187.96,T,700,0.372 973,"3,475.3","3,922.9",8.1904,6,left
"1,200",187.96,T,800,0.411 836,"3,661.0","4,155.2",8.4176,6,left
"1,200",187.96,T,900,0.450 593,"3,853.3","4,394.0",8.6303,6,left
"1,200",187.96,T,"1,000",0.489 280,"4,052.2","4,639.4",8.8310,6,left
"1,200",187.96,T,"1,100",0.527916,"4,257.5","4,891.0",9.021 2,6,left
"1,200",187.96,T,"1,200",0.566516,"4,468.7","5,148.5",9.202 2,6,left
"1,200",187.96,T,"1,300",0.605 090,"4,685.4","5,411.5",9.3749,6,left
"1,200",187.96,T,"1,400",0.643 642,"4,907.4","5,679.8",9.540 2,6,left
"1,200",187.96,T,"1,500",0.682 179,"5,134.1","5,952.8",9.698 7,6,left
"1,200",187.96,T,"1,600",0.720 703,"5,365.3","6,230.1",9.8508,6,left
"1,200",187.96,T,"1,700",0.759 217,"5,600.5","6,511.5",9.9972,6,left
"1,400",195.04,Sat,195.04,0.140 778,"2,591.8","2,788.8",6.4675,6,right
"1,400",195.04,T,200,0.143 025,"2,602.7","2,803.0",6.4975,6,right
"1,400",195.04,T,250,0.163 561,"2,698.9","2,927.9",6.748 8,6,right
"1,400",195.04,T,300,0.182 324,"2,785.7","3,040.9",6.955 2,6,right
"1,400",195.04,T,400,0.217 820,"2,953.1","3,258.1",7.304 6,6,right
"1,400",195.04,T,500,0.252 156,"3,121.8","3,474.8",7.604 7,6,right
"1,400",195.04,T,600,0.285 970,"3,295.1","3,695.4",7.873 0,6,right
"1,400",195.04,T,700,0.319505,"3,474.4","3,921.7",8.1183,6,right
"1,400",195.04,T,800,0.352 874,"3,660.2","4,154.3",8.345 7,6,right
"1,400",195.04,T,900,0.386 137,"3,852.7","4,393.3",8.5587,6,right
"1,400",195.04,T,"1,000",0.419 330,"4,051.7","4,638.8",8.7594,6,right
"1,400",195.04,T,"1,100",0.452 472,"4,257.0","4,890.5",8.9497,6,right
"1,400",195.04,T,"1,200",0.485 578,"4,468.3","5,148.1",9.1308,6,right
"1,400",195.04,T,"1,300",0.518 657,"4,685.1","5,411.2",9.303 6,6,right
"1,400",195.04,T,"1,400",0.551 715,"4,907.1","5,679.5",9.468 9,6,right
"1,400",195.04,T,"1,500",0.584 757,"5,133.9","5,952.6",9.6274,6,right
"1,400",195.04,T,"1,600",0.617 787,"5,365.1","6,230.0",9.779 6,6,right
"1,400",195.04,T,"1,700",0.650 807,"5,600.3","6,511.4",9.9259,6,right
"1,600",201.37,Sat,201.37,0.123 740,"2,594.8","2,792.8",6.4199,6,left
"1,600",201.37,T,250,0.141 898,"2,692.9","2,919.9",6.675 3,6,left
"1,600",201.37,T,300,0.158 662,"2,781.6","3,035.4",6.886 3,6,left
"1,600",201.37,T,400,0.190 071,"2,950.7","3,254.9",7.2394,6,left
"1,600",201.37,T,500,0.220 293,"3,120.1","3,472.6",7.5409,6,left
"1,600",201.37,T,600,0.249 989,"3,293.9","3,693.9",7.8100,6,left
"1,600",201.37,T,700,0.279 404,"3,473.5","3,920.5",8.055 7,6,left
"1,600",201.37,T,800,0.308 653,"3,659.5","4,153.3",8.2834,6,left
"1,600",201.37,T,900,0.337 795,"3,852.1","4,392.6",8.4965,6,left
"1,600",201.37,T,"1,000",0.366 867,"4,051.2","4,638.2",8.6974,6,left
"1,600",201.37,T,"1,100",0.395 888,"4,256.6","4,890.0",8.8878,6,left
"1,600",201.37,T,"1,200",0.424 874,"4,467.9","5,147.7",9.068 9,6,left
"1,600",201.37,T,"1,300",0.453 832,"4,684.8","5,410.9",9.2417,6,left
"1,600",201.37,T,"1,400",0.482 770,"4,906.8","5,679.3",9.407 1,6,left
"1,600",201.37,T,"1,500",0.511 691,"5,133.6","5,952.4",9.565 6,6,left
"1,600",201.37,T,"1,600",0.540 600,"5,364.8","6,229.8",9.7178,6,left
"1,600",201.37,T,"1,700",0.569 499,"5,600.1","6,511.3",9.8642,6,left
"1,800",207.11,Sat,207.11,0.110 368,"2,597.2","2,795.9",6.3775,6,right
"1,800",207.11,T,250,0.125 022,"2,686.7","2,911.7",6.608 7,6,right
"1,800",207.11,T,300,0.140 248,"2,777.4","3,029.9",6.8246,6,right
"1,800",207.11,T,400,0.168 485,"2,948.3","3,251.6",7.1814,6,right
"1,800",207.11,T,500,0.195 510,"3,118.5","3,470.4",7.4845,6,right
"1,800",207.11,T,600,0.222 003,"3,292.7","3,692.3",7.7543,6,right
"1,800",207.11,T,700,0.248 214,"3,472.6","3,919.4",8.0004,6,right
"1,800",207.11,T,800,0.274 258,"3,658.8","4,152.4",8.2284,6,right
"1,800",207.11,T,900,0.300 196,"3,851.5","4,391.9",8.441 6,6,right
"1,800",207.11,T,"1,000",0.326 063,"4,050.7","4,637.6",8.642 6,6,right
"1,800",207.11,T,"1,100",0.351 879,"4,256.2","4,889.5",8.833 1,6,right
"1,800",207.11,T,"1,200",0.377 660,"4,467.5","5,147.3",9.0143,6,right
"1,800",207.11,T,"1,300",0.403 413,"4,684.5","5,410.6",9.1872,6,right
"1,800",207.11,T,"1,400",0.429 146,"4,906.6","5,679.0",9.352 6,6,right
"1,800",207.11,T,"1,500",0.454 862,"5,133.4","5,952.1",9.5111,6,right
"1,800",207.11,T,"1,600",0.480 566,"5,364.6","6,229.6",9.663 4,6,right
"1,800",207.11,T,"1,700",0.506 260,"5,599.9","6,511.1",9.8098,6,right
"2,000",212.38,Sat,212.38,0.099 585,"2,599.1","2,798.3",6.3390,7,left
"2,000",212.38,T,250,0.111 496,"2,680.2","2,903.2",6.5475,7,left
"2,000",212.38,T,300,0.125507,"2,773.2","3,024.2",6.768 4,7,left
"2,000",212.38,T,400,0.151 215,"2,945.9","3,248.3",7.1292,7,left
"2,000",212.38,T,500,0.175 683,"3,116.9","3,468.2",7.433 7,7,left
"2,000",212.38,T,600,0.199 615,"3,291.5","3,690.7",7.7043,7,left
"2,000",212.38,T,700,0.223 262,"3,471.6","3,918.2",7.9509,7,left
"2,000",212.38,T,800,0.246 743,"3,658.0","4,151.5",8.1790,7,left
"2,000",212.38,T,900,0.270 117,"3,850.9","4,391.1",8.3925,7,left
"2,000",212.38,T,"1,000",0.293 419,"4,050.2","4,637.0",8.593 6,7,left
"2,000",212.38,T,"1,100",0.316 672,"4,255.7","4,889.1",8.7842,7,left
"2,000",212.38,T,"1,200",0.339 888,"4,467.2","5,147.0",8.965 4,7,left
"2,000",212.38,T,"1,300",0.363 078,"4,684.1","5,410.3",9.1384,7,left
"2,000",212.38,T,"1,400",0.386 246,"4,906.3","5,678.8",9.303 8,7,left
"2,000",212.38,T,"1,500",0.409 399,"5,133.1","5,951.9",9.462 4,7,left
"2,000",212.38,T,"1,600",0.432 539,"5,364.4","6,229.5",9.6146,7,left
"2,000",212.38,T,"1,700",0.455 669,"5,599.7","6,511.0",9.7610,7,left
"2,250",218.41,Sat,218.41,0.088 715,"2,600.9","2,800.5",6.295 4,7,right
"2,250",218.41,T,250,0.097 937,"2,671.9","2,892.3",6.4766,7,right
"2,250",218.41,T,300,0.110753,"2,767.8","3,017.0",6.704 4,7,right
"2,250",218.41,T,400,0.133 941,"2,942.9","3,244.2",7.0702,7,right
"2,250",218.41,T,500,0.155 855,"3,114.8","3,465.5",7.3767,7,right
"2,250",218.41,T,600,0.177 226,"3,290.0","3,688.8",7.648 2,7,right
"2,250",218.41,T,700,0.198 310,"3,470.5","3,916.7",7.895 3,7,right
"2,250",218.41,T,800,0.219 227,"3,657.1","4,150.4",8.1238,7,right
"2,250",218.41,T,900,0.240 037,"3,850.1","4,390.2",8.3375,7,right
"2,250",218.41,T,"1,000",0.260 776,"4,049.6","4,636.3",8.5388,7,right
"2,250",218.41,T,"1,100",0.281 465,"4,255.2","4,888.5",8.7294,7,right
"2,250",218.41,T,"1,200",0.302 117,"4,466.7","5,146.5",8.9107,7,right
"2,250",218.41,T,"1,300",0.322 742,"4,683.7","5,409.9",9.083 7,7,right
"2,250",218.41,T,"1,400",0.343 347,"4,905.9","5,678.4",9.2492,7,right
"2,250",218.41,T,"1,500",0.363 936,"5,132.8","5,951.7",9.4078,7,right
"2,250",218.41,T,"1,600",0.384512,"5,364.1","6,229.3",9.5601,7,right
"2,250",218.41,T,"1,700",0.405 078,"5,599.4","6,510.9",9.7065,7,right
"2,500",223.95,Sat,223.95,0.079 949,"2,602.1","2,801.9",6.2558,7,left
"2,500",223.95,T,250,0.087 053,"2,663.3","2,880.9",6.4107,7,left
"2,500",223.95,T,300,0.098 937,"2,762.2","3,009.6",6.6459,7,left
"2,500",223.95,T,400,0.120119,"2,939.8","3,240.1",7.0170,7,left
"2,500",223.95,T,500,0.139 992,"3,112.8","3,462.7",7.3254,7,left
"2,500",223.95,T,600,0.159 314,"3,288.5","3,686.8",7.5979,7,left
"2,500",223.95,T,700,0.178 349,"3,469.3","3,915.2",7.8455,7,left
"2,500",223.95,T,800,0.197215,"3,656.2","4,149.2",8.0743,7,left
"2,500",223.95,T,900,0.215 974,"3,849.4","4,389.3",8.288 2,7,left
"2,500",223.95,T,"1,000",0.234 661,"4,048.9","4,635.6",8.489 6,7,left
"2,500",223.95,T,"1,100",0.253 299,"4,254.7","4,887.9",8.6804,7,left
"2,500",223.95,T,"1,200",0.271 900,"4,466.2","5,146.0",8.8618,7,left
"2,500",223.95,T,"1,300",0.290 474,"4,683.3","5,409.5",9.0349,7,left
"2,500",223.95,T,"1,400",0.309 028,"4,905.6","5,678.1",9.200 4,7,left
"2,500",223.95,T,"1,500",0.327565,"5,132.5","5,951.4",9.3590,7,left
"2,500",223.95,T,"1,600",0.346 090,"5,363.9","6,229.1",9.5113,7,left
"2,500",223.95,T,"1,700",0.364 605,"5,599.2","6,510.7",9.657 8,7,left
"2,750",229.08,Sat,229.08,0.072 725,"2,602.8","2,802.8",6.2194,7,right
"2,750",229.08,T,250,0.078 113,"2,654.2","2,869.0",6.348 6,7,right
"2,750",229.08,T,300,0.089 257,"2,756.6","3,002.0",6.591 8,7,right
"2,750",229.08,T,400,0.108 808,"2,936.7","3,235.9",6.968 3,7,right
"2,750",229.08,T,500,0.127012,"3,110.7","3,460.0",7.2787,7,right
"2,750",229.08,T,600,0.144 659,"3,287.0","3,684.8",7.552 2,7,right
"2,750",229.08,T,700,0.162 016,"3,468.2","3,913.7",7.8003,7,right
"2,750",229.08,T,800,0.179 204,"3,655.3","4,148.1",8.0295,7,right
"2,750",229.08,T,900,0.196 285,"3,848.6","4,388.4",8.2436,7,right
"2,750",229.08,T,"1,000",0.213 295,"4,048.3","4,634.9",8.4452,7,right
"2,750",229.08,T,"1,100",0.230 254,"4,254.1","4,887.3",8.6360,7,right
"2,750",229.08,T,"1,200",0.247177,"4,465.8","5,145.5",8.8175,7,right
"2,750",229.08,T,"1,300",0.264 073,"4,682.9","5,409.1",8.990 6,7,right
"2,750",229.08,T,"1,400",0.280 948,"4,905.2","5,677.8",9.1562,7,right
"2,750",229.08,T,"1,500",0.297 807,"5,132.2","5,951.2",9.3149,7,right
"2,750",229.08,T,"1,600",0.314 654,"5,363.6","6,228.9",9.467 2,7,right
"2,750",229.08,T,"1,700",0.331 490,"5,598.9","6,510.5",9.6137,7,right
"3,000",233.85,Sat,233.85,0.066 664,"2,603.2","2,803.2",6.1856,8,left
"3,000",233.85,T,250,0.070 627,"2,644.7","2,856.5",6.2893,8,left
"3,000",233.85,T,300,0.081 179,"2,750.8","2,994.3",6.541 2,8,left
"3,000",233.85,T,400,0.099 379,"2,933.5","3,231.7",6.923 4,8,left
"3,000",233.85,T,500,0.116195,"3,108.6","3,457.2",7.2359,8,left
"3,000",233.85,T,600,0.132 446,"3,285.5","3,682.8",7.5103,8,left
"3,000",233.85,T,700,0.148 406,"3,467.0","3,912.2",7.7590,8,left
"3,000",233.85,T,800,0.164 196,"3,654.3","4,146.9",7.9885,8,left
"3,000",233.85,T,900,0.179 878,"3,847.9","4,387.5",8.202 8,8,left
"3,000",233.85,T,"1,000",0.195 489,"4,047.7","4,634.1",8.4045,8,left
"3,000",233.85,T,"1,100",0.211 050,"4,253.6","4,886.7",8.595 5,8,left
"3,000",233.85,T,"1,200",0.226574,"4,465.3","5,145.0",8.7770,8,left
"3,000",233.85,T,"1,300",0.242 072,"4,682.5","5,408.8",8.9502,8,left
"3,000",233.85,T,"1,400",0.257 548,"4,904.9","5,677.5",9.115 8,8,left
"3,000",233.85,T,"1,500",0.273 009,"5,131.9","5,950.9",9.2745,8,left
"3,000",233.85,T,"1,600",0.288 457,"5,363.3","6,228.7",9.4269,8,left
"3,000",233.85,T,"1,700",0.303 895,"5,598.7","6,510.4",9.573 4,8,left
"3,250",238.33,Sat,238.33,0.061 505,"2,603.2","2,803.1",6.1540,8,right
"3,250",238.33,T,250,0.064 256,"2,634.6","2,843.5",6.232 1,8,right
"3,250",238.33,T,300,0.074 332,"2,744.9","2,986.5",6.493 6,8,right
"3,250",238.33,T,400,0.091 399,"2,930.4","3,227.4",6.8817,8,right
"3,250",238.33,T,500,0.107 041,"3,106.5","3,454.4",7.1962,8,right
"3,250",238.33,T,600,0.122 112,"3,284.0","3,680.8",7.4716,8,right
"3,250",238.33,T,700,0.136 889,"3,465.9","3,910.7",7.7208,8,right
"3,250",238.33,T,800,0.151 496,"3,653.4","4,145.8",7.9507,8,right
"3,250",238.33,T,900,0.165 996,"3,847.1","4,386.6",8.165 2,8,right
"3,250",238.33,T,"1,000",0.180 423,"4,047.0","4,633.4",8.367 1,8,right
"3,250",238.33,T,"1,100",0.194 801,"4,253.0","4,886.1",8.558 1,8,right
"3,250",238.33,T,"1,200",0.209 142,"4,464.9","5,144.6",8.7398,8,right
"3,250",238.33,T,"1,300",0.223 456,"4,682.1","5,408.4",8.9130,8,right
"3,250",238.33,T,"1,400",0.237 749,"4,904.5","5,677.2",9.0787,8,right
"3,250",238.33,T,"1,500",0.252 026,"5,131.6","5,950.7",9.2374,8,right
"3,250",238.33,T,"1,600",0.266 291,"5,363.0","6,228.5",9.3898,8,right
"3,250",238.33,T,"1,700",0.280545,"5,598.5","6,510.2",9.5363,8,right
"3,500",242.56,Sat,242.56,0.057 058,"2,602.9","2,802.6",6.1243,8,left
"3,500",242.56,T,250,0.058 757,"2,624.0","2,829.7",6.1764,8,left
"3,500",242.56,T,300,0.068 453,"2,738.8","2,978.4",6.4484,8,left
"3,500",242.56,T,400,0.084556,"2,927.2","3,223.2",6.8427,8,left
"3,500",242.56,T,500,0.099 195,"3,104.5","3,451.6",7.1593,8,left
"3,500",242.56,T,600,0.113 254,"3,282.5","3,678.9",7.4356,8,left
"3,500",242.56,T,700,0.127018,"3,464.7","3,909.3",7.685 4,8,left
"3,500",242.56,T,800,0.140611,"3,652.5","4,144.6",7.915 6,8,left
"3,500",242.56,T,900,0.154096,"3,846.4","4,385.7",8.1303,8,left
"3,500",242.56,T,"1,000",0.167509,"4,046.4","4,632.7",8.3324,8,left
"3,500",242.56,T,"1,100",0.180 872,"4,252.5","4,885.6",8.5235,8,left
"3,500",242.56,T,"1,200",0.194 199,"4,464.4","5,144.1",8.705 3,8,left
"3,500",242.56,T,"1,300",0.207 499,"4,681.7","5,408.0",8.8785,8,left
"3,500",242.56,T,"1,400",0.220778,"4,904.2","5,676.9",9.0443,8,left
"3,500",242.56,T,"1,500",0.234 041,"5,131.3","5,950.4",9.203 0,8,left
"3,500",242.56,T,"1,600",0.247 291,"5,362.8","6,228.3",9.3555,8,left
"3,500",242.56,T,"1,700",0.260 531,"5,598.2","6,510.1",9.502 0,8,left
"3,750",246.56,Sat,246.56,0.053 183,"2,602.4","2,801.9",6.0963,8,right
"3,750",246.56,T,250,0.053 950,"2,612.7","2,815.0",6.1215,8,right
"3,750",246.56,T,300,0.063 347,"2,732.6","2,970.1",6.405 3,8,right
"3,750",246.56,T,400,0.078 624,"2,924.0","3,218.8",6.8060,8,right
"3,750",246.56,T,500,0.092 393,"3,102.4","3,448.8",7.1247,8,right
"3,750",246.56,T,600,0.105 576,"3,281.0","3,676.9",7.402 1,8,right
"3,750",246.56,T,700,0.118 462,"3,463.5","3,907.8",7.652 4,8,right
"3,750",246.56,T,800,0.131177,"3,651.6","4,143.5",7.8829,8,right
"3,750",246.56,T,900,0.143 783,"3,845.6","4,384.8",8.0979,8,right
"3,750",246.56,T,"1,000",0.156 317,"4,045.8","4,632.0",8.3000,8,right
"3,750",246.56,T,"1,100",0.168 801,"4,252.0","4,885.0",8.491 3,8,right
"3,750",246.56,T,"1,200",0.181 249,"4,463.9","5,143.6",8.673 1,8,right
"3,750",246.56,T,"1,300",0.193 670,"4,681.3","5,407.6",8.8465,8,right
"3,750",246.56,T,"1,400",0.206 070,"4,903.8","5,676.6",9.012 2,8,right
"3,750",246.56,T,"1,500",0.218 453,"5,131.0","5,950.2",9.1710,8,right
"3,750",246.56,T,"1,600",0.230 825,"5,362.5","6,228.1",9.3235,8,right
"3,750",246.56,T,"1,700",0.243 186,"5,598.0","6,509.9",9.4700,8,right
"4,000",250.35,Sat,250.35,0.049 776,"2,601.7","2,800.8",6.069 6,9,left
"4,000",250.35,T,300,0.058 870,"2,726.2","2,961.7",6.3639,9,left
"4,000",250.35,T,400,0.073 431,"2,920.7","3,214.5",6.7714,9,left
"4,000",250.35,T,500,0.086 442,"3,100.3","3,446.0",7.092 2,9,left
"4,000",250.35,T,600,0.098 859,"3,279.4","3,674.9",7.3705,9,left
"4,000",250.35,T,700,0.110976,"3,462.4","3,906.3",7.6214,9,left
"4,000",250.35,T,800,0.122 922,"3,650.6","4,142.3",7.8523,9,left
"4,000",250.35,T,900,0.134759,"3,844.8","4,383.9",8.067 4,9,left
"4,000",250.35,T,"1,000",0.146525,"4,045.1","4,631.2",8.2697,9,left
"4,000",250.35,T,"1,100",0.158 239,"4,251.4","4,884.4",8.461 1,9,left
"4,000",250.35,T,"1,200",0.169918,"4,463.5","5,143.1",8.6430,9,left
"4,000",250.35,T,"1,300",0.181 569,"4,680.9","5,407.2",8.8164,9,left
"4,000",250.35,T,"1,400",0.193 200,"4,903.5","5,676.3",8.9822,9,left
"4,000",250.35,T,"1,500",0.204 814,"5,130.7","5,949.9",9.141 1,9,left
"4,000",250.35,T,"1,600",0.216 417,"5,362.2","6,227.9",9.2935,9,left
"4,000",250.35,T,"1,700",0.228 008,"5,597.7","6,509.8",9.440 1,9,left
"4,250",253.98,Sat,253.98,0.046 756,"2,600.8","2,799.5",6.044 1,9,right
"4,250",253.98,T,300,0.054 909,"2,719.7","2,953.0",6.3240,9,right
"4,250",253.98,T,400,0.068 848,"2,917.5","3,210.1",6.7384,9,right
"4,250",253.98,T,500,0.081 190,"3,098.1","3,443.2",7.061 4,9,right
"4,250",253.98,T,600,0.092 931,"3,277.9","3,672.9",7.3408,9,right
"4,250",253.98,T,700,0.104371,"3,461.2","3,904.8",7.592 2,9,right
"4,250",253.98,T,800,0.115 638,"3,649.7","4,141.2",7.8234,9,right
"4,250",253.98,T,900,0.126 797,"3,844.1","4,383.0",8.038 8,9,right
"4,250",253.98,T,"1,000",0.137 884,"4,044.5","4,630.5",8.2413,9,right
"4,250",253.98,T,"1,100",0.148 920,"4,250.9","4,883.8",8.4328,9,right
"4,250",253.98,T,"1,200",0.159 920,"4,463.0","5,142.7",8.6147,9,right
"4,250",253.98,T,"1,300",0.170 892,"4,680.5","5,406.8",8.788 2,9,right
"4,250",253.98,T,"1,400",0.181 844,"4,903.1","5,675.9",8.9540,9,right
"4,250",253.98,T,"1,500",0.192 780,"5,130.4","5,949.7",9.1129,9,right
"4,250",253.98,T,"1,600",0.203 703,"5,361.9","6,227.7",9.265 4,9,right
"4,250",253.98,T,"1,700",0.214617,"5,597.5","6,509.6",9.4120,9,right
"4,500",257.44,Sat,257.44,0.044059,"2,599.7","2,797.9",6.0197,9,left
"4,500",257.44,T,300,0.051 378,"2,713.0","2,944.2",6.2854,9,left
"4,500",257.44,T,400,0.064772,"2,914.2","3,205.6",6.7070,9,left
"4,500",257.44,T,500,0.076521,"3,096.0","3,440.4",7.0323,9,left
"4,500",257.44,T,600,0.087 662,"3,276.4","3,670.9",7.3127,9,left
"4,500",257.44,T,700,0.098 500,"3,460.0","3,903.3",7.5646,9,left
"4,500",257.44,T,800,0.109 164,"3,648.8","4,140.0",7.7962,9,left
"4,500",257.44,T,900,0.119720,"3,843.3","4,382.1",8.0118,9,left
"4,500",257.44,T,"1,000",0.130 203,"4,043.9","4,629.8",8.2144,9,left
"4,500",257.44,T,"1,100",0.140 636,"4,250.4","4,883.2",8.4060,9,left
"4,500",257.44,T,"1,200",0.151 032,"4,462.5","5,142.2",8.5880,9,left
"4,500",257.44,T,"1,300",0.161 402,"4,680.1","5,406.4",8.7615,9,left
"4,500",257.44,T,"1,400",0.171 750,"4,902.7","5,675.6",8.9274,9,left
"4,500",257.44,T,"1,500",0.182 083,"5,130.0","5,949.4",9.086 3,9,left
"4,500",257.44,T,"1,600",0.192 403,"5,361.7","6,227.5",9.2389,9,left
"4,500",257.44,T,"1,700",0.202 713,"5,597.2","6,509.4",9.3855,9,left
"4,750",260.75,Sat,260.75,0.041 636,"2,598.4","2,796.2",5.9963,9,right
"4,750",260.75,T,300,0.048 208,"2,706.1","2,935.1",6.2478,9,right
"4,750",260.75,T,400,0.061 123,"2,910.8","3,201.2",6.6770,9,right
"4,750",260.75,T,500,0.072 343,"3,093.9","3,437.5",7.0046,9,right
"4,750",260.75,T,600,0.082 947,"3,274.9","3,668.9",7.2859,9,right
"4,750",260.75,T,700,0.093 246,"3,458.9","3,901.8",7.5385,9,right
"4,750",260.75,T,800,0.103 371,"3,647.8","4,138.9",7.7703,9,right
"4,750",260.75,T,900,0.113 387,"3,842.6","4,381.1",7.9862,9,right
"4,750",260.75,T,"1,000",0.123 331,"4,043.2","4,629.1",8.1889,9,right
"4,750",260.75,T,"1,100",0.133 224,"4,249.8","4,882.6",8.3806,9,right
"4,750",260.75,T,"1,200",0.143 081,"4,462.1","5,141.7",8.5627,9,right
"4,750",260.75,T,"1,300",0.152910,"4,679.7","5,406.0",8.7363,9,right
"4,750",260.75,T,"1,400",0.162 719,"4,902.4","5,675.3",8.9023,9,right
"4,750",260.75,T,"1,500",0.172512,"5,129.7","5,949.2",9.061 2,9,right
"4,750",260.75,T,"1,600",0.182 292,"5,361.4","6,227.3",9.2138,9,right
"4,750",260.75,T,"1,700",0.192 062,"5,597.0","6,509.3",9.3605,9,right
"5,000",263.94,Sat,263.94,0.039 446,"2,597.0","2,794.2",5.9737,10,left
"5,000",263.94,T,300,0.045 346,"2,699.0","2,925.7",6.2110,10,left
"5,000",263.94,T,400,0.057 837,"2,907.5","3,196.7",6.648 3,10,left
"5,000",263.94,T,500,0.068 583,"3,091.7","3,434.7",6.978 1,10,left
"5,000",263.94,T,600,0.078 704,"3,273.3","3,666.8",7.2605,10,left
"5,000",263.94,T,700,0.088 518,"3,457.7","3,900.3",7.5136,10,left
"5,000",263.94,T,800,0.098 158,"3,646.9","4,137.7",7.745 8,10,left
"5,000",263.94,T,900,0.107 688,"3,841.8","4,380.2",7.961 8,10,left
"5,000",263.94,T,"1,000",0.117 146,"4,042.6","4,628.3",8.1648,10,left
"5,000",263.94,T,"1,100",0.126553,"4,249.3","4,882.0",8.3566,10,left
"5,000",263.94,T,"1,200",0.135 924,"4,461.6","5,141.2",8.5388,10,left
"5,000",263.94,T,"1,300",0.145 268,"4,679.3","5,405.7",8.7124,10,left
"5,000",263.94,T,"1,400",0.154591,"4,902.0","5,675.0",8.878 4,10,left
"5,000",263.94,T,"1,500",0.163 898,"5,129.4","5,948.9",9.0374,10,left
"5,000",263.94,T,"1,600",0.173 192,"5,361.1","6,227.1",9.1900,10,left
"5,000",263.94,T,"1,700",0.182 477,"5,596.7","6,509.1",9.3367,10,left
"5,500",269.97,Sat,269.97,0.035 642,"2,593.7","2,789.7",5.9307,10,right
"5,500",269.97,T,300,0.040 373,"2,684.2","2,906.2",6.1397,10,right
"5,500",269.97,T,400,0.052 158,"2,900.7","3,187.5",6.5939,10,right
"5,500",269.97,T,500,0.062 086,"3,087.4","3,428.9",6.9285,10,right
"5,500",269.97,T,600,0.071 374,"3,270.2","3,662.8",7.2130,10,right
"5,500",269.97,T,700,0.080 351,"3,455.4","3,897.3",7.467 2,10,right
"5,500",269.97,T,800,0.089 152,"3,645.1","4,135.4",7.700 1,10,right
"5,500",269.97,T,900,0.097 844,"3,840.3","4,378.4",7.9166,10,right
"5,500",269.97,T,"1,000",0.106 463,"4,041.3","4,626.9",8.1198,10,right
"5,500",269.97,T,"1,100",0.115 031,"4,248.2","4,880.9",8.3118,10,right
"5,500",269.97,T,"1,200",0.123 563,"4,460.7","5,140.3",8.4941,10,right
"5,500",269.97,T,"1,300",0.132 067,"4,678.5","5,404.9",8.6679,10,right
"5,500",269.97,T,"1,400",0.140551,"4,901.3","5,674.4",8.8340,10,right
"5,500",269.97,T,"1,500",0.149019,"5,128.8","5,948.4",8.993 0,10,right
"5,500",269.97,T,"1,600",0.157 474,"5,360.6","6,226.7",9.1457,10,right
"5,500",269.97,T,"1,700",0.165 919,"5,596.3","6,508.8",9.292 4,10,right
"6,000",275.58,Sat,275.58,0.032 448,"2,589.9","2,784.6",5.890 1,10,left
"6,000",275.58,T,300,0.036 189,"2,668.4","2,885.5",6.0703,10,left
"6,000",275.58,T,400,0.047 419,"2,893.7","3,178.2",6.543 2,10,left
"6,000",275.58,T,500,0.056 671,"3,083.1","3,423.1",6.8826,10,left
"6,000",275.58,T,600,0.065 265,"3,267.2","3,658.7",7.1693,10,left
"6,000",275.58,T,700,0.073 545,"3,453.0","3,894.3",7.4246,10,left
"6,000",275.58,T,800,0.081 648,"3,643.2","4,133.1",7.658 2,10,left
"6,000",275.58,T,900,0.089 641,"3,838.8","4,376.6",7.875 1,10,left
"6,000",275.58,T,"1,000",0.097 560,"4,040.1","4,625.4",8.0786,10,left
"6,000",275.58,T,"1,100",0.105 429,"4,247.1","4,879.7",8.2709,10,left
"6,000",275.58,T,"1,200",0.113 262,"4,459.8","5,139.3",8.4534,10,left
"6,000",275.58,T,"1,300",0.121 067,"4,677.7","5,404.1",8.6272,10,left
"6,000",275.58,T,"1,400",0.128 852,"4,900.6","5,673.7",8.793 4,10,left
"6,000",275.58,T,"1,500",0.136 620,"5,128.2","5,947.9",8.9525,10,left
"6,000",275.58,T,"1,600",0.144 376,"5,360.0","6,226.3",9.105 2,10,left
"6,000",275.58,T,"1,700",0.152 122,"5,595.8","6,508.5",9.2520,10,left
"6,500",280.86,Sat,280.86,0.029 727,"2,585.7","2,778.9",5.8516,10,right
"6,500",280.86,T,300,0.032 607,"2,651.6","2,863.5",6.001 9,10,right
"6,500",280.86,T,400,0.043 404,"2,886.7","3,168.8",6.495 4,10,right
"6,500",280.86,T,500,0.052 087,"3,078.7","3,417.3",6.8399,10,right
"6,500",280.86,T,600,0.060 096,"3,264.1","3,654.7",7.1288,10,right
"6,500",280.86,T,700,0.067 786,"3,450.7","3,891.3",7.3853,10,right
"6,500",280.86,T,800,0.075 298,"3,641.3","4,130.8",7.6195,10,right
"6,500",280.86,T,900,0.082 699,"3,837.2","4,374.8",7.8369,10,right
"6,500",280.86,T,"1,000",0.090 027,"4,038.8","4,624.0",8.0407,10,right
"6,500",280.86,T,"1,100",0.097 305,"4,246.0","4,878.5",8.233 1,10,right
"6,500",280.86,T,"1,200",0.104545,"4,458.8","5,138.4",8.4158,10,right
"6,500",280.86,T,"1,300",0.111 759,"4,676.9","5,403.3",8.5898,10,right
"6,500",280.86,T,"1,400",0.118 952,"4,899.9","5,673.1",8.7560,10,right
"6,500",280.86,T,"1,500",0.126129,"5,127.6","5,947.4",8.9152,10,right
"6,500",280.86,T,"1,600",0.133 293,"5,359.5","6,225.9",9.068 0,10,right
"6,500",280.86,T,"1,700",0.140 447,"5,595.3","6,508.2",9.2148,10,right
"7,000",285.83,Sat,285.83,0.027 378,"2,581.0","2,772.6",5.8148,11,left
"7,000",285.83,T,300,0.029 492,"2,633.5","2,839.9",5.9337,11,left
"7,000",285.83,T,400,0.039 958,"2,879.5","3,159.2",6.4502,11,left
"7,000",285.83,T,500,0.048 157,"3,074.3","3,411.4",6.8000,11,left
"7,000",285.83,T,600,0.055 665,"3,260.9","3,650.6",7.091 0,11,left
"7,000",285.83,T,700,0.062 850,"3,448.3","3,888.2",7.348 6,11,left
"7,000",285.83,T,800,0.069 855,"3,639.5","4,128.4",7.583 6,11,left
"7,000",285.83,T,900,0.076 750,"3,835.7","4,373.0",7.801 4,11,left
"7,000",285.83,T,"1,000",0.083 571,"4,037.5","4,622.5",8.005 5,11,left
"7,000",285.83,T,"1,100",0.090 341,"4,245.0","4,877.3",8.198 1,11,left
"7,000",285.83,T,"1,200",0.097 074,"4,457.9","5,137.4",8.3810,11,left
"7,000",285.83,T,"1,300",0.103 781,"4,676.1","5,402.6",8.555 1,11,left
"7,000",285.83,T,"1,400",0.110 467,"4,899.2","5,672.5",8.7214,11,left
"7,000",285.83,T,"1,500",0.117 136,"5,126.9","5,946.9",8.8807,11,left
"7,000",285.83,T,"1,600",0.123 793,"5,358.9","6,225.5",9.033 5,11,left
"7,000",285.83,T,"1,700",0.130 440,"5,594.8","6,507.9",9.1804,11,left
"7,500",290.54,Sat,290.54,0.025 330,"2,575.9","2,765.9",5.7793,11,right
"7,500",290.54,T,300,0.026 742,"2,613.8","2,814.4",5.8646,11,right
"7,500",290.54,T,400,0.036 966,"2,872.1","3,149.4",6.407 1,11,right
"7,500",290.54,T,500,0.044 750,"3,069.8","3,405.5",6.762 3,11,right
"7,500",290.54,T,600,0.051 824,"3,257.8","3,646.5",7.0555,11,right
"7,500",290.54,T,700,0.058572,"3,445.9","3,885.2",7.3144,11,right
"7,500",290.54,T,800,0.065 138,"3,637.6","4,126.1",7.5500,11,right
"7,500",290.54,T,900,0.071 593,"3,834.2","4,371.1",7.768 2,11,right
"7,500",290.54,T,"1,000",0.077 975,"4,036.2","4,621.1",7.9726,11,right
"7,500",290.54,T,"1,100",0.084 306,"4,243.9","4,876.2",8.1655,11,right
"7,500",290.54,T,"1,200",0.090 600,"4,457.0","5,136.5",8.3485,11,right
"7,500",290.54,T,"1,300",0.096 866,"4,675.3","5,401.8",8.5227,11,right
"7,500",290.54,T,"1,400",0.103 113,"4,898.5","5,671.9",8.689 1,11,right
"7,500",290.54,T,"1,500",0.109 343,"5,126.3","5,946.4",8.8485,11,right
"7,500",290.54,T,"1,600",0.115 560,"5,358.4","6,225.1",9.001 4,11,right
"7,500",290.54,T,"1,700",0.121 768,"5,594.3","6,507.6",9.1483,11,right
"8,000",295.01,Sat,295.01,0.023 526,"2,570.5","2,758.7",5.7450,11,left
"8,000",295.01,T,300,0.024 279,"2,592.3","2,786.5",5.7937,11,left
"8,000",295.01,T,400,0.034 344,"2,864.6","3,139.4",6.365 8,11,left
"8,000",295.01,T,500,0.041 767,"3,065.4","3,399.5",6.7266,11,left
"8,000",295.01,T,600,0.048 463,"3,254.7","3,642.4",7.022 1,11,left
"8,000",295.01,T,700,0.054 828,"3,443.6","3,882.2",7.282 1,11,left
"8,000",295.01,T,800,0.061 011,"3,635.7","4,123.8",7.5184,11,left
"8,000",295.01,T,900,0.067 082,"3,832.6","4,369.3",7.737 1,11,left
"8,000",295.01,T,"1,000",0.073 079,"4,035.0","4,619.6",7.9419,11,left
"8,000",295.01,T,"1,100",0.079 025,"4,242.8","4,875.0",8.1350,11,left
"8,000",295.01,T,"1,200",0.084 934,"4,456.1","5,135.5",8.3181,11,left
"8,000",295.01,T,"1,300",0.090 816,"4,674.5","5,401.0",8.492 4,11,left
"8,000",295.01,T,"1,400",0.096 678,"4,897.8","5,671.2",8.6589,11,left
"8,000",295.01,T,"1,500",0.102 523,"5,125.7","5,945.9",8.8184,11,left
"8,000",295.01,T,"1,600",0.108 356,"5,357.8","6,224.7",8.9713,11,left
"8,000",295.01,T,"1,700",0.114179,"5,593.8","6,507.2",9.1183,11,left
"8,500",299.27,Sat,299.27,0.021 923,"2,564.7","2,751.0",5.7117,11,right
"8,500",299.27,T,300,0.022 036,"2,568.2","2,755.5",5.7194,11,right
"8,500",299.27,T,400,0.032 025,"2,857.0","3,129.2",6.3260,11,right
"8,500",299.27,T,500,0.039 134,"3,060.8","3,393.5",6.692 7,11,right
"8,500",299.27,T,600,0.045 497,"3,251.5","3,638.2",6.9905,11,right
"8,500",299.27,T,700,0.051525,"3,441.2","3,879.1",7.2517,11,right
"8,500",299.27,T,800,0.057 369,"3,633.8","4,121.5",7.488 7,11,right
"8,500",299.27,T,900,0.063 101,"3,831.1","4,367.5",7.7079,11,right
"8,500",299.27,T,"1,000",0.068 759,"4,033.7","4,618.1",7.9129,11,right
"8,500",299.27,T,"1,100",0.074 365,"4,241.7","4,873.8",8.106 2,11,right
"8,500",299.27,T,"1,200",0.079 935,"4,455.1","5,134.6",8.2895,11,right
"8,500",299.27,T,"1,300",0.085 478,"4,673.7","5,400.3",8.4639,11,right
"8,500",299.27,T,"1,400",0.091 000,"4,897.1","5,670.6",8.6305,11,right
"8,500",299.27,T,"1,500",0.096 506,"5,125.1","5,945.4",8.7900,11,right
"8,500",299.27,T,"1,600",0.102 000,"5,357.3","6,224.3",8.9430,11,right
"8,500",299.27,T,"1,700",0.107 483,"5,593.3","6,506.9",9.0900,11,right
"9,000",303.34,Sat,303.34,0.020 490,"2,558.5","2,742.9",5.679 1,12,left
"9,000",303.34,T,400,0.029 960,"2,849.2","3,118.8",6.2876,12,left
"9,000",303.34,T,500,0.036 793,"3,056.3","3,387.4",6.660 3,12,left
"9,000",303.34,T,600,0.042 861,"3,248.4","3,634.1",6.9605,12,left
"9,000",303.34,T,700,0.048 589,"3,438.8","3,876.1",7.2229,12,left
"9,000",303.34,T,800,0.054 132,"3,632.0","4,119.1",7.4606,12,left
"9,000",303.34,T,900,0.059 562,"3,829.6","4,365.7",7.680 2,12,left
"9,000",303.34,T,"1,000",0.064918,"4,032.4","4,616.7",7.8855,12,left
"9,000",303.34,T,"1,100",0.070 224,"4,240.6","4,872.7",8.0790,12,left
"9,000",303.34,T,"1,200",0.075 492,"4,454.2","5,133.6",8.2625,12,left
"9,000",303.34,T,"1,300",0.080 733,"4,672.9","5,399.5",8.4370,12,left
"9,000",303.34,T,"1,400",0.085 954,"4,896.4","5,670.0",8.603 7,12,left
"9,000",303.34,T,"1,500",0.091 158,"5,124.5","5,944.9",8.763 3,12,left
"9,000",303.34,T,"1,600",0.096 350,"5,356.7","6,223.9",8.9163,12,left
"9,000",303.34,T,"1,700",0.101 532,"5,592.8","6,506.6",9.063 4,12,left
"9,500",307.25,Sat,307.25,0.019 199,"2,552.0","2,734.4",5.6473,12,right
"9,500",307.25,T,400,0.028 108,"2,841.2","3,108.2",6.2504,12,right
"9,500",307.25,T,500,0.034 698,"3,051.7","3,381.3",6.629 3,12,right
"9,500",307.25,T,600,0.040 502,"3,245.2","3,629.9",6.931 8,12,right
"9,500",307.25,T,700,0.045 962,"3,436.4","3,873.0",7.1955,12,right
"9,500",307.25,T,800,0.051 236,"3,630.1","4,116.8",7.433 9,12,right
"9,500",307.25,T,900,0.056 396,"3,828.1","4,363.8",7.653 9,12,right
"9,500",307.25,T,"1,000",0.061 483,"4,031.1","4,615.2",7.859 6,12,right
"9,500",307.25,T,"1,100",0.066 518,"4,239.6","4,871.5",8.053 3,12,right
"9,500",307.25,T,"1,200",0.071516,"4,453.3","5,132.7",8.236 9,12,right
"9,500",307.25,T,"1,300",0.076 487,"4,672.1","5,398.7",8.4116,12,right
"9,500",307.25,T,"1,400",0.081 438,"4,895.7","5,669.4",8.578 4,12,right
"9,500",307.25,T,"1,500",0.086 373,"5,123.8","5,944.4",8.7380,12,right
"9,500",307.25,T,"1,600",0.091 295,"5,356.2","6,223.5",8.891 1,12,right
"9,500",307.25,T,"1,700",0.096 206,"5,592.3","6,506.3",9.038 2,12,right
"10,000",311.00,Sat,311.00,0.018 030,"2,545.2","2,725.5",5.6160,12,left
"10,000",311.00,T,400,0.026 436,"2,833.1","3,097.4",6.2141,12,left
"10,000",311.00,T,500,0.032 811,"3,047.0","3,375.1",6.5995,12,left
"10,000",311.00,T,600,0.038 378,"3,242.0","3,625.8",6.9045,12,left
"10,000",311.00,T,700,0.043 597,"3,434.0","3,870.0",7.1693,12,left
"10,000",311.00,T,800,0.048 629,"3,628.2","4,114.5",7.4085,12,left
"10,000",311.00,T,900,0.053 547,"3,826.5","4,362.0",7.6290,12,left
"10,000",311.00,T,"1,000",0.058 390,"4,029.9","4,613.8",7.8349,12,left
"10,000",311.00,T,"1,100",0.063 183,"4,238.5","4,870.3",8.028 8,12,left
"10,000",311.00,T,"1,200",0.067 938,"4,452.3","5,131.7",8.2126,12,left
"10,000",311.00,T,"1,300",0.072 667,"4,671.3","5,397.9",8.3874,12,left
"10,000",311.00,T,"1,400",0.077 374,"4,895.0","5,668.7",8.5543,12,left
"10,000",311.00,T,"1,500",0.082 066,"5,123.2","5,943.9",8.7140,12,left
"10,000",311.00,T,"1,600",0.086 745,"5,355.6","6,223.1",8.867 1,12,left
"10,000",311.00,T,"1,700",0.091 414,"5,591.9","6,506.0",9.0143,12,left
"11,000",318.08,Sat,318.08,0.015 990,"2,530.5","2,706.3",5.554 5,12,right
"11,000",318.08,T,400,0.023 537,"2,816.3","3,075.2",6.1440,12,right
"11,000",318.08,T,500,0.029 549,"3,037.6","3,362.7",6.543,12,right
"11,000",318.08,T,600,0.034 709,"3,235.6","3,617.4",6.853 1,12,right
"11,000",318.08,T,700,0.039 513,"3,429.2","3,863.9",7.1204,12,right
"11,000",318.08,T,800,0.044 126,"3,624.4","4,109.8",7.361 0,12,right
"11,000",318.08,T,900,0.048 625,"3,823.5","4,358.3",7.582 4,12,right
"11,000",318.08,T,"1,000",0.053 049,"4,027.3","4,610.9",7.7889,12,right
"11,000",318.08,T,"1,100",0.057 422,"4,236.3","4,868.0",7.9833,12,right
"11,000",318.08,T,"1,200",0.061 758,"4,450.5","5,129.8",8.167 3,12,right
"11,000",318.08,T,"1,300",0.066 067,"4,669.7","5,396.4",8.342 4,12,right
"11,000",318.08,T,"1,400",0.070 355,"4,893.6","5,667.5",8.509 5,12,right
"11,000",318.08,T,"1,500",0.074 627,"5,122.0","5,942.9",8.669 3,12,right
"11,000",318.08,T,"1,600",0.078 886,"5,354.5","6,222.3",8.822 6,12,right
"11,000",318.08,T,"1,700",0.083 136,"5,590.9","6,505.4",8.969 8,12,right
"12,000",324.68,Sat,324.68,0.014 264,"2,514.3","2,685.4",5.4939,13,left
"12,000",324.68,T,400,0.021 106,"2,798.7","3,052.0",6.0764,13,left
"12,000",324.68,T,500,0.026 828,"3,028.1","3,350.0",6.4903,13,left
"12,000",324.68,T,600,0.031 651,"3,229.1","3,608.9",6.805 4,13,left
"12,000",324.68,T,700,0.036 109,"3,424.4","3,857.7",7.075 3,13,left
"12,000",324.68,T,800,0.040 375,"3,620.6","4,105.1",7.3173,13,left
"12,000",324.68,T,900,0.044 524,"3,820.4","4,354.7",7.5396,13,left
"12,000",324.68,T,"1,000",0.048 599,"4,024.8","4,608.0",7.7467,13,left
"12,000",324.68,T,"1,100",0.052 622,"4,234.2","4,865.6",7.941 6,13,left
"12,000",324.68,T,"1,200",0.056 608,"4,448.6","5,127.9",8.1259,13,left
"12,000",324.68,T,"1,300",0.060 567,"4,668.1","5,394.9",8.301 2,13,left
"12,000",324.68,T,"1,400",0.064505,"4,892.2","5,666.3",8.4685,13,left
"12,000",324.68,T,"1,500",0.068 428,"5,120.7","5,941.9",8.628 4,13,left
"12,000",324.68,T,"1,600",0.072 337,"5,353.4","6,221.5",8.7818,13,left
"12,000",324.68,T,"1,700",0.076 237,"5,589.9","6,504.7",8.9292,13,left
"13,000",330.85,Sat,330.85,0.012 780,"2,496.5","2,662.7",5.4336,13,right
"13,000",330.85,T,400,0.019 033,"2,780.3","3,027.7",6.0106,13,right
"13,000",330.85,T,500,0.024 523,"3,018.3","3,337.1",6.4405,13,right
"13,000",330.85,T,600,0.029 063,"3,222.5","3,600.4",6.7609,13,right
"13,000",330.85,T,700,0.033 229,"3,419.6","3,851.5",7.033 3,13,right
"13,000",330.85,T,800,0.037 200,"3,616.9","4,100.4",7.2768,13,right
"13,000",330.85,T,900,0.041 054,"3,817.3","4,351.0",7.5000,13,right
"13,000",330.85,T,"1,000",0.044 833,"4,022.2","4,605.0",7.7078,13,right
"13,000",330.85,T,"1,100",0.048 560,"4,232.0","4,863.3",7.903 0,13,right
"13,000",330.85,T,"1,200",0.052 251,"4,446.8","5,126.0",8.0877,13,right
"13,000",330.85,T,"1,300",0.055 914,"4,666.5","5,393.3",8.2633,13,right
"13,000",330.85,T,"1,400",0.059 556,"4,890.8","5,665.0",8.4307,13,right
"13,000",330.85,T,"1,500",0.063 182,"5,119.5","5,940.9",8.5908,13,right
"13,000",330.85,T,"1,600",0.066 796,"5,352.3","6,220.7",8.7443,13,right
"13,000",330.85,T,"1,700",0.070 400,"5,588.9","6,504.1",8.891 7,13,right
"14,000",336.67,Sat,336.67,0.011 485,"2,477.1","2,637.9",5.3727,13,left
"14,000",336.67,T,400,0.017 240,"2,761.0","3,002.3",5.9459,13,left
"14,000",336.67,T,500,0.022 544,"3,008.4","3,324.1",6.3932,13,left
"14,000",336.67,T,600,0.026 845,"3,216.0","3,591.8",6.719 1,13,left
"14,000",336.67,T,700,0.030 761,"3,414.7","3,845.3",6.994 1,13,left
"14,000",336.67,T,800,0.034 479,"3,613.1","4,095.8",7.239 1,13,left
"14,000",336.67,T,900,0.038 080,"3,814.2","4,347.4",7.463 2,13,left
"14,000",336.67,T,"1,000",0.041 605,"4,019.7","4,602.1",7.671 6,13,left
"14,000",336.67,T,"1,100",0.045 079,"4,229.8","4,860.9",7.8673,13,left
"14,000",336.67,T,"1,200",0.048 516,"4,444.9","5,124.2",8.0523,13,left
"14,000",336.67,T,"1,300",0.051 925,"4,664.8","5,391.8",8.2280,13,left
"14,000",336.67,T,"1,400",0.055 314,"4,889.4","5,663.8",8.395 6,13,left
"14,000",336.67,T,"1,500",0.058 687,"5,118.3","5,939.9",8.5559,13,left
"14,000",336.67,T,"1,600",0.062 047,"5,351.2","6,219.9",8.7095,13,left
"14,000",336.67,T,"1,700",0.065 397,"5,587.9","6,503.5",8.8570,13,left
"15,000",342.16,Sat,342.16,0.010 338,"2,455.6","2,610.7",5.3106,13,right
"15,000",342.16,T,400,0.015 671,"2,740.6","2,975.7",5.8819,13,right
"15,000",342.16,T,500,0.020 827,"2,998.4","3,310.8",6.3480,13,right
"15,000",342.16,T,600,0.024921,"3,209.3","3,583.1",6.6796,13,right
"15,000",342.16,T,700,0.028 621,"3,409.8","3,839.1",6.957 2,13,right
"15,000",342.16,T,800,0.032 121,"3,609.2","4,091.1",7.203 7,13,right
"15,000",342.16,T,900,0.035 503,"3,811.2","4,343.7",7.4288,13,right
"15,000",342.16,T,"1,000",0.038 808,"4,017.1","4,599.2",7.6378,13,right
"15,000",342.16,T,"1,100",0.042 062,"4,227.7","4,858.6",7.8339,13,right
"15,000",342.16,T,"1,200",0.045 279,"4,443.1","5,122.3",8.0192,13,right
"15,000",342.16,T,"1,300",0.048 468,"4,663.2","5,390.3",8.1952,13,right
"15,000",342.16,T,"1,400",0.051 637,"4,888.0","5,662.5",8.363 0,13,right
"15,000",342.16,T,"1,500",0.054 790,"5,117.0","5,938.9",8.523 4,13,right
"15,000",342.16,T,"1,600",0.057 931,"5,350.1","6,219.1",8.6771,13,right
"15,000",342.16,T,"1,700",0.061 061,"5,587.0","6,502.9",8.8247,13,right
"16,000",347.35,Sat,347.35,0.009 309,"2,431.8","2,580.8",5.2463,14,left
"16,000",347.35,T,400,0.014 281,"2,719.1","2,947.6",5.8179,14,left
"16,000",347.35,T,500,0.019 323,"2,988.1","3,297.3",6.3046,14,left
"16,000",347.35,T,600,0.023 238,"3,202.6","3,574.4",6.642 1,14,left
"16,000",347.35,T,700,0.026 749,"3,404.9","3,832.9",6.922 4,14,left
"16,000",347.35,T,800,0.030058,"3,605.4","4,086.3",7.1703,14,left
"16,000",347.35,T,900,0.033 247,"3,808.1","4,340.0",7.3964,14,left
"16,000",347.35,T,"1,000",0.036 361,"4,014.5","4,596.3",7.6060,14,left
"16,000",347.35,T,"1,100",0.039 422,"4,225.5","4,856.3",7.802 5,14,left
"16,000",347.35,T,"1,200",0.042 447,"4,441.2","5,120.4",7.9882,14,left
"16,000",347.35,T,"1,300",0.045 444,"4,661.6","5,388.7",8.1644,14,left
"16,000",347.35,T,"1,400",0.048 420,"4,886.6","5,661.3",8.3323,14,left
"16,000",347.35,T,"1,500",0.051 381,"5,115.8","5,937.9",8.4929,14,left
"16,000",347.35,T,"1,600",0.054 329,"5,349.0","6,218.3",8.6467,14,left
"16,000",347.35,T,"1,700",0.057 267,"5,586.0","6,502.3",8.7944,14,left
"17,000",352.29,Sat,352.29,0.008 371,"2,405.2","2,547.5",5.1787,14,right
"17,000",352.29,T,400,0.013 038,"2,696.2","2,917.9",5.753 6,14,right
"17,000",352.29,T,500,0.017 994,"2,977.7","3,283.6",6.262 8,14,right
"17,000",352.29,T,600,0.021 752,"3,195.9","3,565.7",6.606 3,14,right
"17,000",352.29,T,700,0.025 097,"3,400.0","3,826.6",6.889 4,14,right
"17,000",352.29,T,800,0.028 237,"3,601.6","4,081.6",7.1388,14,right
"17,000",352.29,T,900,0.031 258,"3,805.0","4,336.4",7.365 8,14,right
"17,000",352.29,T,"1,000",0.034 202,"4,012.0","4,593.4",7.5760,14,right
"17,000",352.29,T,"1,100",0.037 093,"4,223.4","4,853.9",7.7730,14,right
"17,000",352.29,T,"1,200",0.039 948,"4,439.4","5,118.5",7.9589,14,right
"17,000",352.29,T,"1,300",0.042 775,"4,660.0","5,387.2",8.1354,14,right
"17,000",352.29,T,"1,400",0.045 582,"4,885.2","5,660.1",8.3035,14,right
"17,000",352.29,T,"1,500",0.048 373,"5,114.6","5,936.9",8.4642,14,right
"17,000",352.29,T,"1,600",0.051 151,"5,347.9","6,217.5",8.6182,14,right
"17,000",352.29,T,"1,700",0.053 919,"5,585.0","6,501.6",8.765 9,14,right
"18,000",356.99,Sat,356.99,0.007 502,"2,374.8","2,509.8",5.106 1,14,left
"18,000",356.99,T,400,0.011916,"2,671.9","2,886.4",5.688 3,14,left
"18,000",356.99,T,500,0.016 810,"2,967.1","3,269.7",6.222 3,14,left
"18,000",356.99,T,600,0.020 431,"3,189.1","3,556.8",6.5720,14,left
"18,000",356.99,T,700,0.023 629,"3,395.0","3,820.4",6.8579,14,left
"18,000",356.99,T,800,0.026619,"3,597.8","4,076.9",7.1089,14,left
"18,000",356.99,T,900,0.029 489,"3,801.9","4,332.7",7.3368,14,left
"18,000",356.99,T,"1,000",0.032 282,"4,009.4","4,590.5",7.5476,14,left
"18,000",356.99,T,"1,100",0.035 023,"4,221.2","4,851.6",7.7450,14,left
"18,000",356.99,T,"1,200",0.037 727,"4,437.5","5,116.6",7.9313,14,left
"18,000",356.99,T,"1,300",0.040 403,"4,658.4","5,385.7",8.1080,14,left
"18,000",356.99,T,"1,400",0.043 059,"4,883.8","5,658.8",8.2763,14,left
"18,000",356.99,T,"1,500",0.045 699,"5,113.3","5,935.9",8.4372,14,left
"18,000",356.99,T,"1,600",0.048 327,"5,346.8","6,216.7",8.591 2,14,left
"18,000",356.99,T,"1,700",0.050 944,"5,584.0","6,501.0",8.739 1,14,left
"19,000",361.47,Sat,361.47,0.006 677,"2,339.1","2,466.0",5.025 6,14,right
"19,000",361.47,T,400,0.010 892,"2,645.9","2,852.8",5.6215,14,right
"19,000",361.47,T,500,0.015 750,"2,956.3","3,255.5",6.1829,14,right
"19,000",361.47,T,600,0.019 249,"3,182.2","3,548.0",6.539 1,14,right
"19,000",361.47,T,700,0.022 316,"3,390.1","3,814.1",6.8278,14,right
"19,000",361.47,T,800,0.025 172,"3,593.9","4,072.2",7.0803,14,right
"19,000",361.47,T,900,0.027 907,"3,798.8","4,329.0",7.309 2,14,right
"19,000",361.47,T,"1,000",0.030 565,"4,006.9","4,587.6",7.5207,14,right
"19,000",361.47,T,"1,100",0.033 171,"4,219.0","4,849.3",7.7185,14,right
"19,000",361.47,T,"1,200",0.035 740,"4,435.7","5,114.7",7.905 1,14,right
"19,000",361.47,T,"1,300",0.038 281,"4,656.8","5,384.2",8.0820,14,right
"19,000",361.47,T,"1,400",0.040 802,"4,882.4","5,657.6",8.2505,14,right
"19,000",361.47,T,"1,500",0.043 307,"5,112.1","5,934.9",8.4115,14,right
"19,000",361.47,T,"1,600",0.045 799,"5,345.7","6,215.9",8.5657,14,right
"19,000",361.47,T,"1,700",0.048 282,"5,583.1","6,500.4",8.713 6,14,right
"20,000",365.75,Sat,365.75,0.005 865,"2,295.0","2,412.3",4.9314,15,left
"20,000",365.75,T,400,0.009 950,"2,617.9","2,816.9",5.5525,15,left
"20,000",365.75,T,500,0.014793,"2,945.3","3,241.2",6.1446,15,left
"20,000",365.75,T,600,0.018 185,"3,175.3","3,539.0",6.5075,15,left
"20,000",365.75,T,700,0.021 133,"3,385.1","3,807.8",6.799 0,15,left
"20,000",365.75,T,800,0.023 869,"3,590.1","4,067.5",7.053 1,15,left
"20,000",365.75,T,900,0.026 483,"3,795.7","4,325.4",7.2829,15,left
"20,000",365.75,T,"1,000",0.029 020,"4,004.3","4,584.7",7.495 0,15,left
"20,000",365.75,T,"1,100",0.031 504,"4,216.9","4,846.9",7.693 3,15,left
"20,000",365.75,T,"1,200",0.033 952,"4,433.8","5,112.8",7.8802,15,left
"20,000",365.75,T,"1,300",0.036 371,"4,655.2","5,382.6",8.0574,15,left
"20,000",365.75,T,"1,400",0.038 771,"4,881.0","5,656.4",8.2260,15,left
"20,000",365.75,T,"1,500",0.041 154,"5,110.8","5,933.9",8.3871,15,left
"20,000",365.75,T,"1,600",0.043 525,"5,344.6","6,215.1",8.5414,15,left
"20,000",365.75,T,"1,700",0.045 886,"5,582.1","6,499.8",8.6895,15,left
"22,500",,T,400,0.007 862,"2,536.2","2,713.1",5.3655,15,right
"22,500",,T,500,0.012 769,"2,917.0","3,204.3",6.052 4,15,right
"22,500",,T,600,0.015 938,"3,157.8","3,516.4",6.4329,15,right
"22,500",,T,700,0.018 638,"3,372.5","3,791.9",6.7318,15,right
"22,500",,T,800,0.021 120,"3,580.4","4,055.6",6.9898,15,right
"22,500",,T,900,0.023 478,"3,787.9","4,316.2",7.2220,15,right
"22,500",,T,"1,000",0.025 759,"3,997.9","4,577.4",7.435 6,15,right
"22,500",,T,"1,100",0.027 986,"4,211.5","4,841.1",7.635 0,15,right
"22,500",,T,"1,200",0.030 177,"4,429.2","5,108.2",7.8227,15,right
"22,500",,T,"1,300",0.032 340,"4,651.2","5,378.8",8.0005,15,right
"22,500",,T,"1,400",0.034 482,"4,877.4","5,653.3",8.1696,15,right
"22,500",,T,"1,500",0.036 609,"5,107.8","5,931.5",8.3311,15,right
"22,500",,T,"1,600",0.038 723,"5,341.9","6,213.2",8.4856,15,right
"22,500",,T,"1,700",0.040 828,"5,579.7","6,498.3",8.633 9,15,right
"25,000",,T,400,0.006 005,"2,428.5","2,578.6",5.1400,15,left
"25,000",,T,500,0.011 143,"2,887.3","3,165.9",5.9642,15,left
"25,000",,T,600,0.014 140,"3,140.0","3,493.5",6.363 7,15,left
"25,000",,T,700,0.016 643,"3,359.9","3,776.0",6.6702,15,left
"25,000",,T,800,0.018 922,"3,570.7","4,043.8",6.932 2,15,left
"25,000",,T,900,0.021 075,"3,780.2","4,307.1",7.1668,15,left
"25,000",,T,"1,000",0.023 150,"3,991.5","4,570.2",7.382 0,15,left
"25,000",,T,"1,100",0.025 172,"4,206.0","4,835.4",7.5825,15,left
"25,000",,T,"1,200",0.027 157,"4,424.6","5,103.5",7.7710,15,left
"25,000",,T,"1,300",0.029 115,"4,647.2","5,375.1",7.9493,15,left
"25,000",,T,"1,400",0.031 052,"4,873.9","5,650.3",8.1189,15,left
"25,000",,T,"1,500",0.032 974,"5,104.7","5,929.0",8.2807,15,left
"25,000",,T,"1,600",0.034 883,"5,339.2","6,211.2",8.435 6,15,left
"25,000",,T,"1,700",0.036 782,"5,577.2","6,496.8",8.5840,15,left
"27,500",,T,400,0.004 204,"2,268.0","2,383.6",4.8313,15,right
"27,500",,T,500,0.009 807,"2,856.4","3,126.1",5.8789,15,right
"27,500",,T,600,0.012 670,"3,121.9","3,470.3",6.298 7,15,right
"27,500",,T,700,0.015 012,"3,347.1","3,760.0",6.613 1,15,right
"27,500",,T,800,0.017 124,"3,561.0","4,031.9",6.879 2,15,right
"27,500",,T,900,0.019 110,"3,772.4","4,297.9",7.1162,15,right
"27,500",,T,"1,000",0.021 017,"3,985.0","4,563.0",7.333 1,15,right
"27,500",,T,"1,100",0.022 871,"4,200.6","4,829.6",7.5346,15,right
"27,500",,T,"1,200",0.024 688,"4,419.9","5,098.8",7.7239,15,right
"27,500",,T,"1,300",0.026 477,"4,643.2","5,371.3",7.9028,15,right
"27,500",,T,"1,400",0.028 246,"4,870.4","5,647.2",8.0729,15,right
"27,500",,T,"1,500",0.029 999,"5,101.6","5,926.6",8.2350,15,right
"27,500",,T,"1,600",0.031 740,"5,336.5","6,209.3",8.3901,15,right
"27,500",,T,"1,700",0.033 471,"5,574.8","6,495.3",8.5388,15,right
"30,000",,T,400,0.002 798,"2,068.9","2,152.8",4.4757,16,left
"30,000",,T,500,0.008 690,"2,824.0","3,084.7",5.795 6,16,left
"30,000",,T,600,0.011 445,"3,103.4","3,446.7",6.2373,16,left
"30,000",,T,700,0.013 653,"3,334.3","3,743.9",6.559 8,16,left
"30,000",,T,800,0.015 628,"3,551.2","4,020.0",6.8300,16,left
"30,000",,T,900,0.017 473,"3,764.6","4,288.8",7.069 5,16,left
"30,000",,T,"1,000",0.019 240,"3,978.6","4,555.8",7.288 0,16,left
"30,000",,T,"1,100",0.020 953,"4,195.2","4,823.8",7.4906,16,left
"30,000",,T,"1,200",0.022 630,"4,415.3","5,094.2",7.6807,16,left
"30,000",,T,"1,300",0.024 279,"4,639.2","5,367.6",7.8602,16,left
"30,000",,T,"1,400",0.025 908,"4,867.0","5,644.2",8.0307,16,left
"30,000",,T,"1,500",0.027521,"5,098.5","5,924.2",8.1932,16,left
"30,000",,T,"1,600",0.029 122,"5,333.7","6,207.4",8.3485,16,left
"30,000",,T,"1,700",0.030 713,"5,572.4","6,493.8",8.4975,16,left
"32,500",,T,400,0.002 305,"1,966.7","2,041.6",4.301 2,16,right
"32,500",,T,500,0.007 744,"2,790.3","3,042.0",5.7138,16,right
"32,500",,T,600,0.010 409,"3,084.7","3,423.0",6.1788,16,right
"32,500",,T,700,0.012505,"3,321.3","3,727.7",6.5097,16,right
"32,500",,T,800,0.014 362,"3,541.4","4,008.1",6.784 1,16,right
"32,500",,T,900,0.016089,"3,756.8","4,279.7",7.0260,16,right
"32,500",,T,"1,000",0.017 737,"3,972.2","4,548.6",7.2461,16,right
"32,500",,T,"1,100",0.019 332,"4,189.8","4,818.1",7.4498,16,right
"32,500",,T,"1,200",0.020 889,"4,410.7","5,089.6",7.640 6,16,right
"32,500",,T,"1,300",0.022 420,"4,635.2","5,363.8",7.8207,16,right
"32,500",,T,"1,400",0.023 930,"4,863.5","5,641.2",7.9917,16,right
"32,500",,T,"1,500",0.025 425,"5,095.5","5,921.8",8.1545,16,right
"32,500",,T,"1,600",0.026 907,"5,331.0","6,205.5",8.3102,16,right
"32,500",,T,"1,700",0.028 379,"5,570.0","6,492.3",8.4593,16,right
"35,000",,T,400,0.002 105,"1,914.9","1,988.6",4.2143,16,left
"35,000",,T,500,0.006 932,"2,755.3","2,997.9",5.633 1,16,left
"35,000",,T,600,0.009 523,"3,065.6","3,398.9",6.1228,16,left
"35,000",,T,700,0.011 523,"3,308.3","3,711.6",6.462 2,16,left
"35,000",,T,800,0.013 278,"3,531.5","3,996.3",6.7409,16,left
"35,000",,T,900,0.014 904,"3,748.9","4,270.6",6.985 3,16,left
"35,000",,T,"1,000",0.016 450,"3,965.8","4,541.5",7.2069,16,left
"35,000",,T,"1,100",0.017 942,"4,184.4","4,812.4",7.4118,16,left
"35,000",,T,"1,200",0.019 398,"4,406.1","5,085.0",7.603 4,16,left
"35,000",,T,"1,300",0.020 827,"4,631.2","5,360.1",7.784 1,16,left
"35,000",,T,"1,400",0.022 235,"4,860.0","5,638.2",7.955 4,16,left
"35,000",,T,"1,500",0.023 628,"5,092.4","5,919.4",8.1186,16,left
"35,000",,T,"1,600",0.025 009,"5,328.3","6,203.6",8.2746,16,left
"35,000",,T,"1,700",0.026 379,"5,567.5","6,490.8",8.4239,16,left
"37,500",,T,400,0.001 990,"1,880.8","1,955.4",4.1574,16,right
"37,500",,T,500,0.006 232,"2,719.0","2,952.6",5.5533,16,right
"37,500",,T,600,0.008 757,"3,046.3","3,374.7",6.069 0,16,right
"37,500",,T,700,0.010 672,"3,295.1","3,695.3",6.4171,16,right
"37,500",,T,800,0.012 340,"3,521.7","3,984.4",6.7000,16,right
"37,500",,T,900,0.013 877,"3,741.1","4,261.5",6.9469,16,right
"37,500",,T,"1,000",0.015 335,"3,959.3","4,534.4",7.1701,16,right
"37,500",,T,"1,100",0.016 739,"4,179.0","4,806.7",7.376 1,16,right
"37,500",,T,"1,200",0.018 106,"4,401.5","5,080.5",7.5685,16,right
"37,500",,T,"1,300",0.019 446,"4,627.2","5,356.5",7.7497,16,right
"37,500",,T,"1,400",0.020 767,"4,856.5","5,635.3",7.921 6,16,right
"37,500",,T,"1,500",0.022 071,"5,089.3","5,917.0",8.085 1,16,right
"37,500",,T,"1,600",0.023 364,"5,325.6","6,201.7",8.2413,16,right
"37,500",,T,"1,700",0.024 646,"5,565.1","6,489.4",8.3909,16,right
"40,000",,T,400,0.001911,"1,854.9","1,931.4",4.1145,17,left
"40,000",,T,500,0.005 623,"2,681.6","2,906.5",5.4744,17,left
"40,000",,T,600,0.008 089,"3,026.8","3,350.4",6.0170,17,left
"40,000",,T,700,0.009 930,"3,282.0","3,679.1",6.3740,17,left
"40,000",,T,800,0.011521,"3,511.8","3,972.6",6.661 2,17,left
"40,000",,T,900,0.012 980,"3,733.3","4,252.5",6.9106,17,left
"40,000",,T,"1,000",0.014 360,"3,952.9","4,527.3",7.1355,17,left
"40,000",,T,"1,100",0.015 686,"4,173.7","4,801.1",7.3425,17,left
"40,000",,T,"1,200",0.016 976,"4,396.9","5,075.9",7.5357,17,left
"40,000",,T,"1,300",0.018 239,"4,623.3","5,352.8",7.7175,17,left
"40,000",,T,"1,400",0.019 482,"4,853.0","5,632.3",7.8897,17,left
"40,000",,T,"1,500",0.020 709,"5,086.3","5,914.6",8.053 6,17,left
"40,000",,T,"1,600",0.021 925,"5,322.9","6,199.9",8.2101,17,left
"40,000",,T,"1,700",0.023 130,"5,562.7","6,487.9",8.3599,17,left
"42,500",,T,400,0.001 851,"1,834.1","1,912.8",4.0799,17,right
"42,500",,T,500,0.005 094,"2,643.3","2,859.8",5.3967,17,right
"42,500",,T,600,0.007 502,"3,007.1","3,325.9",5.9667,17,right
"42,500",,T,700,0.009 276,"3,268.7","3,662.9",6.3327,17,right
"42,500",,T,800,0.010 799,"3,501.9","3,960.9",6.6243,17,right
"42,500",,T,900,0.012 189,"3,725.5","4,243.5",6.8762,17,right
"42,500",,T,"1,000",0.013 500,"3,946.5","4,520.3",7.102 6,17,right
"42,500",,T,"1,100",0.014758,"4,168.3","4,795.5",7.3107,17,right
"42,500",,T,"1,200",0.015 979,"4,392.3","5,071.4",7.5047,17,right
"42,500",,T,"1,300",0.017 174,"4,619.3","5,349.2",7.687 1,17,right
"42,500",,T,"1,400",0.018 349,"4,849.6","5,629.4",7.8598,17,right
"42,500",,T,"1,500",0.019 508,"5,083.2","5,912.3",8.0240,17,right
"42,500",,T,"1,600",0.020 655,"5,320.2","6,198.0",8.1807,17,right
"42,500",,T,"1,700",0.021 792,"5,560.3","6,486.5",8.3308,17,right
"45,000",,T,400,0.001 803,"1,816.5","1,897.7",4.0507,17,left
"45,000",,T,500,0.004 633,"2,604.7","2,813.2",5.3207,17,left
"45,000",,T,600,0.006 982,"2,987.2","3,301.5",5.9179,17,left
"45,000",,T,700,0.008 697,"3,255.4","3,646.8",6.293 0,17,left
"45,000",,T,800,0.010 158,"3,492.0","3,949.1",6.5889,17,left
"45,000",,T,900,0.011 487,"3,717.6","4,234.6",6.843 3,17,left
"45,000",,T,"1,000",0.012 737,"3,940.1","4,513.3",7.0713,17,left
"45,000",,T,"1,100",0.013 934,"4,162.9","4,789.9",7.2805,17,left
"45,000",,T,"1,200",0.015 094,"4,387.7","5,066.9",7.475 3,17,left
"45,000",,T,"1,300",0.016 228,"4,615.3","5,345.6",7.6583,17,left
"45,000",,T,"1,400",0.017 342,"4,846.1","5,626.5",7.8314,17,left
"45,000",,T,"1,500",0.018 440,"5,080.2","5,910.0",7.9959,17,left
"45,000",,T,"1,600",0.019 527,"5,317.5","6,196.2",8.1529,17,left
"45,000",,T,"1,700",0.020 604,"5,557.9","6,485.1",8.303 2,17,left
"47,500",,T,400,0.001 764,"1,801.3","1,885.1",4.025 3,17,right
"47,500",,T,500,0.004 234,"2,566.1","2,767.2",5.2469,17,right
"47,500",,T,600,0.006 521,"2,967.2","3,277.0",5.8705,17,right
"47,500",,T,700,0.008 180,"3,242.1","3,630.6",6.2548,17,right
"47,500",,T,800,0.009 586,"3,482.1","3,937.4",6.555 1,17,right
"47,500",,T,900,0.010 860,"3,709.8","4,225.7",6.8120,17,right
"47,500",,T,"1,000",0.012 054,"3,933.7","4,506.3",7.0415,17,right
"47,500",,T,"1,100",0.013 197,"4,157.6","4,784.4",7.2518,17,right
"47,500",,T,"1,200",0.014 302,"4,383.1","5,062.5",7.4473,17,right
"47,500",,T,"1,300",0.015 381,"4,611.4","5,342.0",7.6309,17,right
"47,500",,T,"1,400",0.016 441,"4,842.7","5,623.6",7.8044,17,right
"47,500",,T,"1,500",0.017 485,"5,077.2","5,907.7",7.9693,17,right
"47,500",,T,"1,600",0.018 517,"5,314.8","6,194.4",8.1266,17,right
"47,500",,T,"1,700",0.019 540,"5,555.5","6,483.7",8.2771,17,right
"50,000",,T,400,0.001 731,"1,787.8","1,874.4",4.0029,18,left
"50,000",,T,500,0.003 890,"2,528.1","2,722.6",5.1762,18,left
"50,000",,T,600,0.006 108,"2,947.1","3,252.5",5.8245,18,left
"50,000",,T,700,0.007 717,"3,228.7","3,614.6",6.2178,18,left
"50,000",,T,800,0.009 072,"3,472.2","3,925.8",6.5225,18,left
"50,000",,T,900,0.010 296,"3,702.0","4,216.8",6.7819,18,left
"50,000",,T,"1,000",0.011 441,"3,927.3","4,499.4",7.013 1,18,left
"50,000",,T,"1,100",0.012 534,"4,152.2","4,778.9",7.2244,18,left
"50,000",,T,"1,200",0.013 590,"4,378.6","5,058.1",7.4207,18,left
"50,000",,T,"1,300",0.014 620,"4,607.4","5,338.4",7.6048,18,left
"50,000",,T,"1,400",0.015 631,"4,839.2","5,620.8",7.7788,18,left
"50,000",,T,"1,500",0.016 626,"5,074.1","5,905.4",7.9440,18,left
"50,000",,T,"1,600",0.017 609,"5,312.1","6,192.6",8.1015,18,left
"50,000",,T,"1,700",0.018 583,"5,553.2","6,482.3",8.2522,18,left
"52,500",,T,400,0.001 702,"1,775.7","1,865.1",3.982 7,18,right
"52,500",,T,500,0.003 595,"2,491.4","2,680.2",5.109 2,18,right
"52,500",,T,600,0.005 738,"2,927.0","3,228.2",5.7797,18,right
"52,500",,T,700,0.007 299,"3,215.4","3,598.6",6.182 1,18,right
"52,500",,T,800,0.008 609,"3,462.3","3,914.2",6.491 1,18,right
"52,500",,T,900,0.009 787,"3,694.2","4,208.0",6.7530,18,right
"52,500",,T,"1,000",0.010 887,"3,921.0","4,492.5",6.985 7,18,right
"52,500",,T,"1,100",0.011 934,"4,146.9","4,773.4",7.1982,18,right
"52,500",,T,"1,200",0.012 946,"4,374.0","5,053.7",7.395 2,18,right
"52,500",,T,"1,300",0.013 932,"4,603.5","5,334.9",7.5799,18,right
"52,500",,T,"1,400",0.014 898,"4,835.8","5,617.9",7.7543,18,right
"52,500",,T,"1,500",0.015 849,"5,071.1","5,903.2",7.9198,18,right
"52,500",,T,"1,600",0.016 788,"5,309.4","6,190.8",8.0777,18,right
"52,500",,T,"1,700",0.017 717,"5,550.8","6,480.9",8.2285,18,right
"55,000",,T,400,0.001 676,"1,764.7","1,856.9",3.9643,18,left
"55,000",,T,500,0.003 345,"2,456.5","2,640.5",5.0466,18,left
"55,000",,T,600,0.005 405,"2,906.9","3,204.1",5.7362,18,left
"55,000",,T,700,0.006 921,"3,202.0","3,582.7",6.1475,18,left
"55,000",,T,800,0.008 188,"3,452.4","3,902.7",6.4609,18,left
"55,000",,T,900,0.009 325,"3,686.4","4,199.3",6.725 2,18,left
"55,000",,T,"1,000",0.010 383,"3,914.6","4,485.7",6.9595,18,left
"55,000",,T,"1,100",0.011 390,"4,141.5","4,768.0",7.1730,18,left
"55,000",,T,"1,200",0.012 361,"4,369.5","5,049.4",7.3708,18,left
"55,000",,T,"1,300",0.013 306,"4,599.6","5,331.4",7.5560,18,left
"55,000",,T,"1,400",0.014 232,"4,832.4","5,615.1",7.7308,18,left
"55,000",,T,"1,500",0.015 142,"5,068.1","5,900.9",7.8967,18,left
"55,000",,T,"1,600",0.016 041,"5,306.8","6,189.0",8.0548,18,left
"55,000",,T,"1,700",0.016 931,"5,548.4","6,479.6",8.2059,18,left
"57,500",,T,400,0.001 653,"1,754.6","1,849.7",3.9474,18,right
"57,500",,T,500,0.003 132,"2,423.7","2,603.8",4.988 7,18,right
"57,500",,T,600,0.005 105,"2,886.8","3,180.3",5.693 8,18,right
"57,500",,T,700,0.006 578,"3,188.7","3,566.9",6.1140,18,right
"57,500",,T,800,0.007 806,"3,442.5","3,891.3",6.4316,18,right
"57,500",,T,900,0.008 904,"3,678.7","4,190.6",6.698 4,18,right
"57,500",,T,"1,000",0.009 924,"3,908.3","4,478.9",6.9343,18,right
"57,500",,T,"1,100",0.010 894,"4,136.2","4,762.6",7.1488,18,right
"57,500",,T,"1,200",0.011 827,"4,365.0","5,045.0",7.3473,18,right
"57,500",,T,"1,300",0.012 735,"4,595.7","5,328.0",7.533 1,18,right
"57,500",,T,"1,400",0.013 624,"4,829.0","5,612.3",7.708 4,18,right
"57,500",,T,"1,500",0.014 498,"5,065.1","5,898.7",7.8746,18,right
"57,500",,T,"1,600",0.015 360,"5,304.1","6,187.3",8.0329,18,right
"57,500",,T,"1,700",0.016 212,"5,546.0","6,478.2",8.1842,18,right
"60,000",,T,400,0.001 633,"1,745.2","1,843.2",3.9317,19,left
"60,000",,T,500,0.002 952,"2,393.2","2,570.3",4.935 6,19,left
"60,000",,T,600,0.004 833,"2,866.8","3,156.8",5.652 7,19,left
"60,000",,T,700,0.006 265,"3,175.4","3,551.3",6.081 4,19,left
"60,000",,T,800,0.007 456,"3,432.6","3,880.0",6.403 3,19,left
"60,000",,T,900,0.008 519,"3,670.9","4,182.0",6.6725,19,left
"60,000",,T,"1,000",0.009 504,"3,901.9","4,472.2",6.9099,19,left
"60,000",,T,"1,100",0.010 439,"4,130.9","4,757.3",7.1255,19,left
"60,000",,T,"1,200",0.011 339,"4,360.4","5,040.8",7.3248,19,left
"60,000",,T,"1,300",0.012 212,"4,591.8","5,324.5",7.5111,19,left
"60,000",,T,"1,400",0.013 067,"4,825.5","5,609.6",7.6868,19,left
"60,000",,T,"1,500",0.013 907,"5,062.1","5,896.5",7.853 3,19,left
"60,000",,T,"1,600",0.014 735,"5,301.5","6,185.6",8.0119,19,left
"60,000",,T,"1,700",0.015 554,"5,543.7","6,476.9",8.1635,19,left
"62,500",,T,400,0.001 614,"1,736.5","1,837.4",3.9170,19,right
"62,500",,T,500,0.002 800,"2,365.0","2,540.0",4.887 1,19,right
"62,500",,T,600,0.004 587,"2,847.0","3,133.7",5.6128,19,right
"62,500",,T,700,0.005 979,"3,162.1","3,535.8",6.0498,19,right
"62,500",,T,800,0.007 135,"3,422.8","3,868.8",6.375 8,19,right
"62,500",,T,900,0.008 165,"3,663.2","4,173.5",6.6475,19,right
"62,500",,T,"1,000",0.009 118,"3,895.6","4,465.5",6.8864,19,right
"62,500",,T,"1,100",0.010021,"4,125.7","4,752.0",7.103 0,19,right
"62,500",,T,"1,200",0.010 889,"4,355.9","5,036.5",7.303 0,19,right
"62,500",,T,"1,300",0.011 732,"4,587.9","5,321.1",7.4899,19,right
"62,500",,T,"1,400",0.012555,"4,822.1","5,606.8",7.6660,19,right
"62,500",,T,"1,500",0.013 364,"5,059.1","5,894.3",7.8329,19,right
"62,500",,T,"1,600",0.014 161,"5,298.8","6,183.9",7.9917,19,right
"62,500",,T,"1,700",0.014 949,"5,541.3","6,475.6",8.1435,19,right
